"Aspergillus_flavus","Fungi,Ascomycota,Eurotiomycetes,Eurotiales,Aspergillaceae,Aspergillus_,Aspergillus_flavus",386
"Aspergillus_flavus","Fungi,Ascomycota,Eurotiomycetes,Eurotiales,Aspergillaceae,Aspergillus_,Aspergillus_fumigatus",4
"Aspergillus_flavus","Fungi,Ascomycota,Sordariomycetes,Sordariomycetes_insertae_sedis_,Sordariomycetes_insertae_sedis_,Asteroma,Asteroma_sp_CCL060",1
"Aspergillus_flavus","Fungi,Ascomycota,Saccharomycetes,Saccharomycetales,Debaryomycetaceae,Candida,Candida_parapsilosis",1
"Aspergillus_flavus","Fungi,Ascomycota,Saccharomycetes,Saccharomycetales,Pichiaeceae,Pichia,Pichia_kudriavzevii",2
"Aspergillus_flavus","Fungi,Ascomycota,Saccharomycetes,Saccharomycetales,Saccharomycetaceae,Nakaseomyces,Candida_glabrata",2
"Aspergillus_flavus","Fungi,Basidiomycota,Tremellomycetes,Tremellales,Cryptococcaceae,Cryptococcus,Cryptococcus_gattii_VG_I",2
"Aspergillus_flavus","Fungi,Ascomycota,Saccharomycetes,Saccharomycetales,Dipodascaceae,Yarrowia_,Yarrowia_lipolytica",1
"Aspergillus_flavus","Fungi,Ascomycota,Saccharomycetes,Saccharomycetales,Pichiaeceae,Pichia,Pichia_membranifaciens",1
"Aspergillus_fumigatus","Fungi,Ascomycota,Eurotiomycetes,Eurotiales,Aspergillaceae,Aspergillus_,Aspergillus_fumigatus",384
"Aspergillus_fumigatus","Fungi,Ascomycota,Saccharomycetes,Saccharomycetales,Debaryomycetaceae,Candida,Candida_metapsilosis",3
"Aspergillus_fumigatus","Fungi,Ascomycota,Eurotiomycetes,Eurotiales,Aspergillaceae,Penicillium,Penicillium_chrysogenum",2
"Aspergillus_fumigatus","Fungi,Ascomycota,Saccharomycetes,Saccharomycetales,Dipodascaceae,Geotrichum,Geotrichum_candidum",1
"Aspergillus_fumigatus","Fungi,Ascomycota,Sordariomycetes,Hypocreales,Nectriaceae,Fusarium,Fusarium_proliferatum",1
"Aspergillus_fumigatus","Fungi,Ascomycota,Sordariomycetes,Sordariomycetes_insertae_sedis_,Sordariomycetes_insertae_sedis_,Asteroma,Asteroma_sp_CCL060",1
"Aspergillus_fumigatus","Fungi,Ascomycota,Saccharomycetes,Saccharomycetales,Trichomonascaceae,Blastobotrys,Blastobotrys_adeninivorans",1
"Aspergillus_fumigatus","Fungi,Ascomycota,Leotiomycetes,Helotiales,Sclerotiniaceae,Botrytis,Botrytis_fabae",1
"Aspergillus_fumigatus","Fungi,Ascomycota,Leotiomycetes,Helotiales,Sclerotiniaceae,Botrytis,Botrytis_cinerea",1
"Aspergillus_fumigatus","Fungi,Ascomycota,Pezizomycetes,Helotiales,Sclerotiniaceae,Sclerotinia,Sclerotinia_sclerotiorum",1
"Aspergillus_fumigatus","Fungi,Ascomycota,Saccharomycetes,Saccharomycetales,Saccharomycetaceae,Kluyveromyces,Kluyveromyces_lactis",2
"Aspergillus_fumigatus","Fungi,Ascomycota,Dothidiomycetes,Pleosporales,Pleosporaceae,Pyrenophora,Pyrenophora_tritici-repentis",1
"Aspergillus_fumigatus","Fungi,Ascomycota,Saccharomycetes,Saccharomycetales,Pichiaeceae,Pichia,Pichia_membranifaciens",1
"Asteroma_sp_CCL060","Fungi,Ascomycota,Sordariomycetes,Sordariomycetes_insertae_sedis_,Sordariomycetes_insertae_sedis_,Asteroma,Asteroma_sp_CCL060",396
"Asteroma_sp_CCL060","Fungi,Ascomycota,Sordariomycetes,Diaporthales,Diaporthaceae,Diaporthe,Diaporthe_sp_CCL067",1
"Asteroma_sp_CCL060","Fungi,Ascomycota,Saccharomycetes,Saccharomycetales,Pichiaeceae,Pichia,Pichia_membranifaciens",1
"Asteroma_sp_CCL060","Fungi,Ascomycota,Sordariomycetes,Hypocreales,Nectriaceae,Fusarium,Fusarium_proliferatum",1
"Asteroma_sp_CCL060","Fungi,Ascomycota,Saccharomycetes,Saccharomycetales,Saccharomycetaceae,Nakaseomyces,Candida_glabrata",1
"Austropuccinia_psidii","Fungi,Basidiomycota,Pucciniomycetes,Pucciniales,Sphaerophragmiaceae,Austropuccinia_,Austropuccinia_psidii",399
"Austropuccinia_psidii","Fungi,Ascomycota,Saccharomycetes,Saccharomycetales,Debaryomycetaceae,Kodamaea,Kodamaea_ohmeri",1
"Blastobotrys_adeninivorans","Fungi,Ascomycota,Saccharomycetes,Saccharomycetales,Trichomonascaceae,Blastobotrys,Blastobotrys_adeninivorans",398
"Blastobotrys_adeninivorans","Fungi,Ascomycota,Sordariomycetes,Sordariomycetes_insertae_sedis_,Sordariomycetes_insertae_sedis_,Asteroma,Asteroma_sp_CCL060",1
"Blastobotrys_adeninivorans","Fungi,Ascomycota,Pezizomycetes,Pezizales,Tuberaceae,Tuber,Tuber_brumale",1
"Blastobotrys_proliferans","Fungi,Ascomycota,Saccharomycetes,Saccharomycetales,Trichomonascaceae,Blastobotrys,Blastobotrys_proliferans",397
"Blastobotrys_proliferans","Fungi,Ascomycota,Saccharomycetes,Saccharomycetales,Debaryomycetaceae,Yamadazyma,Yamadazyma_mexicana",1
"Blastobotrys_proliferans","Fungi,Ascomycota,Pezizomycetes,Helotiales,Sclerotiniaceae,Sclerotinia,Sclerotinia_sclerotiorum",1
"Blastobotrys_proliferans","Fungi,Ascomycota,Saccharomycetes,Saccharomycetales,Saccharomycetaceae,Nakaseomyces,Candida_glabrata",1
"Botrytis_cinerea","Fungi,Ascomycota,Leotiomycetes,Helotiales,Sclerotiniaceae,Botrytis,Botrytis_cinerea",390
"Botrytis_cinerea","Fungi,Ascomycota,Pezizomycetes,Helotiales,Sclerotiniaceae,Sclerotinia,Sclerotinia_sclerotiorum",2
"Botrytis_cinerea","Fungi,Ascomycota,Leotiomycetes,Helotiales,Sclerotiniaceae,Botrytis,Botrytis_fabae",8
"Botrytis_fabae","Fungi,Ascomycota,Leotiomycetes,Helotiales,Sclerotiniaceae,Botrytis,Botrytis_fabae",385
"Botrytis_fabae","Fungi,Ascomycota,Leotiomycetes,Helotiales,Sclerotiniaceae,Botrytis,Botrytis_cinerea",7
"Botrytis_fabae","Fungi,Ascomycota,Saccharomycetes,Saccharomycetales,Pichiaeceae,Pichia,Pichia_membranifaciens",2
"Botrytis_fabae","Fungi,Ascomycota,Saccharomycetes,Saccharomycetales,Debaryomycetaceae,Kurtzmaniella,Candida_boleticola",1
"Botrytis_fabae","Fungi,Ascomycota,Pezizomycetes,Helotiales,Sclerotiniaceae,Sclerotinia,Sclerotinia_sclerotiorum",2
"Botrytis_fabae","Fungi,Ascomycota,Pezizomycetes,Pezizales,Tuberaceae,Tuber,Tuber_brumale",1
"Botrytis_fabae","Fungi,Ascomycota,Eurotiomycetes,Eurotiales,Aspergillaceae,Penicillium,Penicillium_chrysogenum",1
"Botrytis_fabae","Fungi,Basidiomycota,Agaricomycetes,Agaricales,Cortinariaceae,Cortinarius,Cortinarius_globuliformis_CM4",1
"Candida_boleticola","Fungi,Ascomycota,Saccharomycetes,Saccharomycetales,Debaryomycetaceae,Kurtzmaniella,Candida_boleticola",393
"Candida_boleticola","Fungi,Ascomycota,Sordariomycetes,Xylariales,Diatrypaceae,Cryptovalsa,Cryptovalsa_ampelina",2
"Candida_boleticola","Fungi,Ascomycota,Saccharomycetes,Saccharomycetales,Phaffomycetaceae,Wickerhamomyces,Wickerhamomyces_anomalus",3
"Candida_boleticola","Fungi,Ascomycota,Saccharomycetes,Saccharomycetales,Pichiaeceae,Pichia,Pichia_membranifaciens",1
"Candida_boleticola","Fungi,Ascomycota,Saccharomycetes,Saccharomycetales,Debaryomycetaceae,Suhomyces,Candida_caryicola",1
"Candida_caryicola","Fungi,Ascomycota,Saccharomycetes,Saccharomycetales,Debaryomycetaceae,Suhomyces,Candida_caryicola",391
"Candida_caryicola","Fungi,Ascomycota,Saccharomycetes,Saccharomycetales,Phaffomycetaceae,Wickerhamomyces,Wickerhamomyces_anomalus",2
"Candida_caryicola","Fungi,Ascomycota,Saccharomycetes,Saccharomycetales,Dipodascaceae,Yarrowia_,Yarrowia_lipolytica",1
"Candida_caryicola","Fungi,Ascomycota,Saccharomycetes,Saccharomycetales,Pichiaeceae,Pichia,Pichia_membranifaciens",1
"Candida_caryicola","Fungi,Ascomycota,Saccharomycetes,Saccharomycetales,Debaryomycetaceae,Kurtzmaniella,Candida_zeylanoides",1
"Candida_caryicola","Fungi,Ascomycota,Saccharomycetes,Saccharomycetales,Debaryomycetaceae,Candida,Candida_metapsilosis",1
"Candida_caryicola","Fungi,Ascomycota,Leotiomycetes,Erysiphales,Erysiphaceae,Erysiphe_,Erysiphe_necator",1
"Candida_caryicola","Fungi,Ascomycota,Saccharomycetes,Saccharomycetales,Saccharomycetaceae,Nakaseomyces,Candida_glabrata",1
"Candida_caryicola","Fungi,Ascomycota,Saccharomycetes,Saccharomycetales,Debaryomycetaceae,Yamadazyma,Yamadazyma_scolyti",1
"Candida_catenulata","Fungi,Ascomycota,Saccharomycetes,Saccharomycetales,Saccharomycetales_incertae_sedis,Diutina,Candida_catenulata",399
"Candida_catenulata","Fungi,Ascomycota,Saccharomycetes,Saccharomycetales,Debaryomycetaceae,Kurtzmaniella,Candida_boleticola",1
"Candida_dubliniensis","Fungi,Ascomycota,Saccharomycetes,Saccharomycetales,Debaryomycetaceae,Candida,Candida_dubliniensis",384
"Candida_dubliniensis","Fungi,Ascomycota,Saccharomycetes,Saccharomycetales,Dipodascaceae,Yarrowia_,Yarrowia_lipolytica",1
"Candida_dubliniensis","Fungi,Ascomycota,Saccharomycetes,Saccharomycetales,Debaryomycetaceae,Candida,Candida_tropicalis",1
"Candida_dubliniensis","Fungi,Ascomycota,Saccharomycetes,Saccharomycetales,Phaffomycetaceae,Wickerhamomyces,Wickerhamomyces_anomalus",1
"Candida_dubliniensis","Fungi,Ascomycota,Saccharomycetes,Saccharomycetales,Saccharomycetaceae,Nakaseomyces,Candida_glabrata",3
"Candida_dubliniensis","Fungi,Ascomycota,Leotiomycetes,Helotiales,Sclerotiniaceae,Botrytis,Botrytis_fabae",1
"Candida_dubliniensis","Fungi,Ascomycota,Dothidiomycetes,Pleosporales,Leptosphaeriacae,Leptosphaeria,Leptosphaeria_maculans",1
"Candida_dubliniensis","Fungi,Ascomycota,Saccharomycetes,Saccharomycetales,Saccharomycetaceae,Kluyveromyces,Kluyveromyces_marxianus",2
"Candida_dubliniensis","Fungi,Ascomycota,Saccharomycetes,Saccharomycetales,Saccharomycetaceae,Kluyveromyces,Kluyveromyces_lactis",2
"Candida_dubliniensis","Fungi,Ascomycota,Saccharomycetes,Saccharomycetales,Debaryomycetaceae,Kodamaea,Kodamaea_ohmeri",1
"Candida_dubliniensis","Fungi,Ascomycota,Saccharomycetes,Saccharomycetales,Debaryomycetaceae,Candida,Candida_metapsilosis",1
"Candida_dubliniensis","Fungi,Ascomycota,Saccharomycetes,Saccharomycetales,Pichiaeceae,Pichia,Pichia_kudriavzevii",1
"Candida_dubliniensis","Fungi,Ascomycota,Sordariomycetes,Microascales,Microascaceae,Scedosporium,Scedosporium_boydii",1
"Candida_glabrata","Fungi,Ascomycota,Saccharomycetes,Saccharomycetales,Pichiaeceae,Pichia,Pichia_kudriavzevii",12
"Candida_glabrata","Fungi,Ascomycota,Saccharomycetes,Saccharomycetales,Saccharomycetaceae,Nakaseomyces,Candida_glabrata",359
"Candida_glabrata","Fungi,Ascomycota,Saccharomycetes,Saccharomycetales,Dipodascaceae,Yarrowia_,Yarrowia_lipolytica",15
"Candida_glabrata","Fungi,Ascomycota,Saccharomycetes,Saccharomycetales,Trichomonascaceae,Blastobotrys,Blastobotrys_proliferans",1
"Candida_glabrata","Fungi,Ascomycota,Saccharomycetes,Saccharomycetales,Trichomonascaceae,Blastobotrys,Blastobotrys_adeninivorans",2
"Candida_glabrata","Fungi,Ascomycota,Saccharomycetes,Saccharomycetales,Pichiaeceae,Pichia,Pichia_membranifaciens",2
"Candida_glabrata","Fungi,Ascomycota,Saccharomycetes,Saccharomycetales,Debaryomycetaceae,Candida,Candida_parapsilosis",1
"Candida_glabrata","Fungi,Ascomycota,Saccharomycetes,Saccharomycetales,Saccharomycetales_incertae_sedis,Diutina,Candida_catenulata",3
"Candida_glabrata","Fungi,Ascomycota,Saccharomycetes,Saccharomycetales,Saccharomycetaceae,Kluyveromyces,Kluyveromyces_marxianus",2
"Candida_glabrata","Fungi,Ascomycota,Saccharomycetes,Saccharomycetales,Debaryomycetaceae,Candida,Candida_metapsilosis",1
"Candida_glabrata","Fungi,Ascomycota,Saccharomycetes,Saccharomycetales,Debaryomycetaceae,Kurtzmaniella,Candida_boleticola",1
"Candida_glabrata","Fungi,Ascomycota,Sordariomycetes,Microascales,Microascaceae,Scedosporium,Scedosporium_boydii",1
"Candida_metapsilosis","Fungi,Ascomycota,Saccharomycetes,Saccharomycetales,Debaryomycetaceae,Candida,Candida_metapsilosis",389
"Candida_metapsilosis","Fungi,Ascomycota,Saccharomycetes,Saccharomycetales,Debaryomycetaceae,Candida,Candida_parapsilosis",4
"Candida_metapsilosis","Fungi,Ascomycota,Saccharomycetes,Saccharomycetales,Pichiaeceae,Pichia,Pichia_kudriavzevii",1
"Candida_metapsilosis","Fungi,Ascomycota,Saccharomycetes,Saccharomycetales,Debaryomycetaceae,Candida,Candida_dubliniensis",1
"Candida_metapsilosis","Fungi,Ascomycota,Pezizomycetes,Helotiales,Sclerotiniaceae,Sclerotinia,Sclerotinia_sclerotiorum",1
"Candida_metapsilosis","Fungi,Basidiomycota,Tremellomycetes,Tremellales,Cryptococcaceae,Cryptococcus,Cryptococcus_neoformans_VN_IIII",1
"Candida_metapsilosis","Fungi,Basidiomycota,Pucciniomycetes,Pucciniales,Sphaerophragmiaceae,Austropuccinia_,Austropuccinia_psidii",1
"Candida_metapsilosis","Fungi,Ascomycota,Saccharomycetes,Saccharomycetales,Saccharomycetales_incertae_sedis,Diutina,Candida_catenulata",1
"Candida_metapsilosis","Fungi,Ascomycota,Leotiomycetes,Helotiales,Sclerotiniaceae,Botrytis,Botrytis_fabae",1
"Candida_parapsilosis","Fungi,Ascomycota,Saccharomycetes,Saccharomycetales,Debaryomycetaceae,Candida,Candida_parapsilosis",392
"Candida_parapsilosis","Fungi,Ascomycota,Saccharomycetes,Saccharomycetales,Debaryomycetaceae,Candida,Candida_metapsilosis",3
"Candida_parapsilosis","Fungi,Basidiomycota,Agaricomycetes,Agaricales,Cortinariaceae,Cortinarius,Cortinarius_globuliformis_CM4",1
"Candida_parapsilosis","Fungi,Ascomycota,Saccharomycetes,Saccharomycetales,Saccharomycetales_incertae_sedis,Diutina,Candida_catenulata",1
"Candida_parapsilosis","Fungi,Ascomycota,Sordariomycetes,Diaporthales,Diaporthaceae,Diaporthe,Diaporthe_sp_CCL067",1
"Candida_parapsilosis","Fungi,Ascomycota,Saccharomycetes,Saccharomycetales,Saccharomycetaceae,Kluyveromyces,Kluyveromyces_lactis",2
"Candida_tropicalis","Fungi,Ascomycota,Saccharomycetes,Saccharomycetales,Debaryomycetaceae,Candida,Candida_tropicalis",394
"Candida_tropicalis","Fungi,Ascomycota,Sordariomycetes,Hypocreales,Nectriaceae,Fusarium,Fusarium_pseudograminearum",1
"Candida_tropicalis","Fungi,Ascomycota,Saccharomycetes,Saccharomycetales,Debaryomycetaceae,Candida,Candida_dubliniensis",2
"Candida_tropicalis","Fungi,Ascomycota,Saccharomycetes,Saccharomycetales,Trichomonascaceae,Blastobotrys,Blastobotrys_proliferans",1
"Candida_tropicalis","Fungi,Ascomycota,Saccharomycetes,Saccharomycetales,Debaryomycetaceae,Candida,Candida_parapsilosis",1
"Candida_tropicalis","Fungi,Ascomycota,Saccharomycetes,Saccharomycetales,Saccharomycetales_incertae_sedis,Diutina,Candida_catenulata",1
"Candida_zeylanoides","Fungi,Ascomycota,Saccharomycetes,Saccharomycetales,Debaryomycetaceae,Kurtzmaniella,Candida_zeylanoides",396
"Candida_zeylanoides","Fungi,Ascomycota,Saccharomycetes,Saccharomycetales,Debaryomycetaceae,Kurtzmaniella,Candida_boleticola",1
"Candida_zeylanoides","Fungi,Ascomycota,Saccharomycetes,Saccharomycetales,Pichiaeceae,Pichia,Pichia_membranifaciens",1
"Candida_zeylanoides","Fungi,Ascomycota,Saccharomycetes,Saccharomycetales,Phaffomycetaceae,Wickerhamomyces,Wickerhamomyces_anomalus",1
"Candida_zeylanoides","Fungi,Ascomycota,Saccharomycetes,Saccharomycetales,Debaryomycetaceae,Candida,Candida_metapsilosis",1
"Cortinarius_globuliformis_CM4","Fungi,Basidiomycota,Agaricomycetes,Agaricales,Cortinariaceae,Cortinarius,Cortinarius_globuliformis_CM4",388
"Cortinarius_globuliformis_CM4","Fungi,Basidiomycota,PucciFniomycetes,Pucciniales,Pucciniaceae,Puccinia,Puccinia_striiformis_var_tritici",1
"Cortinarius_globuliformis_CM4","Fungi,Ascomycota,Eurotiomycetes,Eurotiales,Aspergillaceae,Aspergillus_,Aspergillus_flavus",1
"Cortinarius_globuliformis_CM4","Fungi,Ascomycota,Dothidiomycetes,Pleosporales,Pleosporaceae,Pyrenophora,Pyrenophora_tritici-repentis",2
"Cortinarius_globuliformis_CM4","Fungi,Ascomycota,Eurotiomycetes,Eurotiales,Aspergillaceae,Aspergillus_,Aspergillus_fumigatus",1
"Cortinarius_globuliformis_CM4","Fungi,Ascomycota,Saccharomycetes,Saccharomycetales,Debaryomycetaceae,Yamadazyma,Yamadazyma_scolyti",1
"Cortinarius_globuliformis_CM4","Fungi,Ascomycota,Saccharomycetes,Saccharomycetales,Saccharomycetaceae,Nakaseomyces,Candida_glabrata",2
"Cortinarius_globuliformis_CM4","Fungi,Ascomycota,Saccharomycetes,Saccharomycetales,Debaryomycetaceae,Yamadazyma,Yamadazyma_mexicana",1
"Cortinarius_globuliformis_CM4","Fungi,Ascomycota,Sordariomycetes,Xylariales,Xylariaceae,Entoleuca,Entoleuca_sp_CCL052",1
"Cortinarius_globuliformis_CM4","Fungi,Basidiomycota,Tremellomycetes,Trichosporonales,Trichosporonaceae,Trichosporon,Trichosporon_asahii",1
"Cortinarius_globuliformis_CM4","Fungi,Basidiomycota,Pucciniomycetes,Pucciniales,Sphaerophragmiaceae,Austropuccinia_,Austropuccinia_psidii",1
"Cryptococcus_gattii_VG_I","Fungi,Basidiomycota,Tremellomycetes,Tremellales,Cryptococcaceae,Cryptococcus,Cryptococcus_gattii_VG_I",394
"Cryptococcus_gattii_VG_I","Fungi,Basidiomycota,Tremellomycetes,Tremellales,Cryptococcaceae,Cryptococcus,Cryptococcus_neoformans_VN_IIII",5
"Cryptococcus_gattii_VG_I","Fungi,Ascomycota,Saccharomycetes,Saccharomycetales,Phaffomycetaceae,Wickerhamomyces,Wickerhamomyces_anomalus",1
"Cryptococcus_neoformans_VN_IIII","Fungi,Basidiomycota,Tremellomycetes,Tremellales,Cryptococcaceae,Cryptococcus,Cryptococcus_neoformans_VN_IIII",397
"Cryptococcus_neoformans_VN_IIII","Fungi,Basidiomycota,Tremellomycetes,Tremellales,Cryptococcaceae,Cryptococcus,Cryptococcus_gattii_VG_I",1
"Cryptococcus_neoformans_VN_IIII","Fungi,Basidiomycota,Pucciniomycetes,Pucciniales,Pucciniaceae,Puccinia,Puccinia_triticina",1
"Cryptococcus_neoformans_VN_IIII","Fungi,Ascomycota,Saccharomycetes,Saccharomycetales,Saccharomycetaceae,Nakaseomyces,Candida_glabrata",1
"Cryptovalsa_ampelina","Fungi,Ascomycota,Sordariomycetes,Xylariales,Diatrypaceae,Cryptovalsa,Cryptovalsa_ampelina",393
"Cryptovalsa_ampelina","Fungi,Ascomycota,Leotiomycetes,Helotiales,Sclerotiniaceae,Botrytis,Botrytis_fabae",1
"Cryptovalsa_ampelina","Fungi,Ascomycota,Sordariomycetes,Hypocreales,Nectriaceae,Fusarium,Fusarium_proliferatum",1
"Cryptovalsa_ampelina","Fungi,Ascomycota,Sordariomycetes,Diaporthales,Diaporthaceae,Diaporthe,Diaporthe_sp_CCL067",1
"Cryptovalsa_ampelina","Fungi,Ascomycota,Sordariomycetes,Xylariales,Xylariaceae,Entoleuca,Entoleuca_sp_CCL052",1
"Cryptovalsa_ampelina","Fungi,Ascomycota,Saccharomycetes,Saccharomycetales,Trichomonascaceae,Trichomonascus,Trichomonascus_ciferrii",1
"Cryptovalsa_ampelina","Fungi,Ascomycota,Eurotiomycetes,Eurotiales,Aspergillaceae,Aspergillus_,Aspergillus_fumigatus",1
"Cryptovalsa_ampelina","Fungi,Ascomycota,Sordariomycetes,Sordariomycetes_insertae_sedis_,Sordariomycetes_insertae_sedis_,Asteroma,Asteroma_sp_CCL060",1
"Diaporthe_sp_CCL067","Fungi,Ascomycota,Sordariomycetes,Diaporthales,Diaporthaceae,Diaporthe,Diaporthe_sp_CCL067",395
"Diaporthe_sp_CCL067","Fungi,Ascomycota,Sordariomycetes,Hypocreales,Nectriaceae,Fusarium,Fusarium_proliferatum",1
"Diaporthe_sp_CCL067","Fungi,Ascomycota,Saccharomycetes,Saccharomycetales,Debaryomycetaceae,Candida,Candida_dubliniensis",1
"Diaporthe_sp_CCL067","Fungi,Ascomycota,Pezizomycetes,Pezizales,Tuberaceae,Tuber,Tuber_brumale",2
"Diaporthe_sp_CCL067","Fungi,Basidiomycota,Tremellomycetes,Tremellales,Cryptococcaceae,Cryptococcus,Cryptococcus_neoformans_VN_IIII",1
"Diplodia_seriata","Fungi,Ascomycota,Dothidiomycetes,Botryosphaeriales,Botryosphaeriaceae,Diplodia,Diplodia_seriata",397
"Diplodia_seriata","Fungi,Ascomycota,Saccharomycetes,Saccharomycetales,Saccharomycetaceae,Kluyveromyces,Kluyveromyces_marxianus",1
"Diplodia_seriata","Fungi,Ascomycota,Saccharomycetes,Saccharomycetales,Saccharomycetaceae,Kluyveromyces,Kluyveromyces_lactis",1
"Diplodia_seriata","Fungi,Ascomycota,Leotiomycetes,Helotiales,Sclerotiniaceae,Botrytis,Botrytis_fabae",1
"Entoleuca_sp_CCL052","Fungi,Ascomycota,Sordariomycetes,Xylariales,Xylariaceae,Entoleuca,Entoleuca_sp_CCL052",395
"Entoleuca_sp_CCL052","Fungi,Ascomycota,Saccharomycetes,Saccharomycetales,Saccharomycetaceae,Kluyveromyces,Kluyveromyces_lactis",1
"Entoleuca_sp_CCL052","Fungi,Ascomycota,Saccharomycetes,Saccharomycetales,Pichiaeceae,Pichia,Pichia_membranifaciens",1
"Entoleuca_sp_CCL052","Fungi,Ascomycota,Saccharomycetes,Saccharomycetales,Saccharomycetaceae,Nakaseomyces,Candida_glabrata",2
"Entoleuca_sp_CCL052","Fungi,Ascomycota,Sordariomycetes,Xylariales,Diatrypaceae,Cryptovalsa,Cryptovalsa_ampelina",1
"Erysiphe_necator","Fungi,Ascomycota,Leotiomycetes,Erysiphales,Erysiphaceae,Erysiphe_,Erysiphe_necator",395
"Erysiphe_necator","Fungi,Ascomycota,Eurotiomycetes,Eurotiales,Aspergillaceae,Aspergillus_,Aspergillus_fumigatus",1
"Erysiphe_necator","Fungi,Ascomycota,Sordariomycetes,Hypocreales,Nectriaceae,Fusarium,Fusarium_proliferatum",1
"Erysiphe_necator","Fungi,Basidiomycota,Exobasidiomycetes,Micostromatales,Quambalariaceae,Quambalaria,Quambalaria_cyanescens_CCL055",1
"Erysiphe_necator","Fungi,Ascomycota,Sordariomycetes,Diaporthales,Diaporthaceae,Diaporthe,Diaporthe_sp_CCL067",1
"Erysiphe_necator","Fungi,Ascomycota,Pezizomycetes,Pezizales,Tuberaceae,Tuber,Tuber_brumale",1
"Eutypa_lata","Fungi,Ascomycota,Sordariomycetes,Xylariales,Diatrypaceae,Eutypa,Eutypa_lata",398
"Eutypa_lata","Fungi,Ascomycota,Eurotiomycetes,Eurotiales,Aspergillaceae,Aspergillus_,Aspergillus_fumigatus",1
"Eutypa_lata","Fungi,Ascomycota,Sordariomycetes,Sordariomycetes_insertae_sedis_,Sordariomycetes_insertae_sedis_,Asteroma,Asteroma_sp_CCL060",1
"Fusarium_proliferatum","Fungi,Ascomycota,Sordariomycetes,Hypocreales,Nectriaceae,Fusarium,Fusarium_proliferatum",400
"Fusarium_pseudograminearum","Fungi,Ascomycota,Sordariomycetes,Hypocreales,Nectriaceae,Fusarium,Fusarium_pseudograminearum",389
"Fusarium_pseudograminearum","Fungi,Ascomycota,Sordariomycetes,Hypocreales,Nectriaceae,Fusarium,Fusarium_proliferatum",8
"Fusarium_pseudograminearum","Fungi,Ascomycota,Sordariomycetes,Diaporthales,Diaporthaceae,Diaporthe,Diaporthe_sp_CCL067",1
"Fusarium_pseudograminearum","Fungi,Ascomycota,Pezizomycetes,Helotiales,Sclerotiniaceae,Sclerotinia,Sclerotinia_sclerotiorum",1
"Fusarium_pseudograminearum","Fungi,Ascomycota,Saccharomycetes,Saccharomycetales,Saccharomycetales_incertae_sedis,Diutina,Candida_catenulata",1
"Geotrichum_candidum","Fungi,Ascomycota,Saccharomycetes,Saccharomycetales,Dipodascaceae,Geotrichum,Geotrichum_candidum",397
"Geotrichum_candidum","Fungi,Basidiomycota,PucciFniomycetes,Pucciniales,Pucciniaceae,Puccinia,Puccinia_striiformis_var_tritici",1
"Geotrichum_candidum","Fungi,Ascomycota,Saccharomycetes,Saccharomycetales,Phaffomycetaceae,Wickerhamomyces,Wickerhamomyces_anomalus",1
"Geotrichum_candidum","Fungi,Ascomycota,Sordariomycetes,Hypocreales,Nectriaceae,Fusarium,Fusarium_pseudograminearum",1
"Kluyveromyces_lactis","Fungi,Ascomycota,Saccharomycetes,Saccharomycetales,Saccharomycetaceae,Kluyveromyces,Kluyveromyces_lactis",393
"Kluyveromyces_lactis","Fungi,Ascomycota,Saccharomycetes,Saccharomycetales,Debaryomycetaceae,Candida,Candida_metapsilosis",1
"Kluyveromyces_lactis","Fungi,Basidiomycota,Exobasidiomycetes,Micostromatales,Quambalariaceae,Quambalaria,Quambalaria_cyanescens_CCL055",1
"Kluyveromyces_lactis","Fungi,Ascomycota,Saccharomycetes,Saccharomycetales,Debaryomycetaceae,Candida,Candida_dubliniensis",3
"Kluyveromyces_lactis","Fungi,Ascomycota,Saccharomycetes,Saccharomycetales,Dipodascaceae,Yarrowia_,Yarrowia_lipolytica",1
"Kluyveromyces_lactis","Fungi,Ascomycota,Saccharomycetes,Saccharomycetales,Debaryomycetaceae,Candida,Candida_parapsilosis",1
"Kluyveromyces_marxianus","Fungi,Ascomycota,Saccharomycetes,Saccharomycetales,Saccharomycetaceae,Kluyveromyces,Kluyveromyces_marxianus",396
"Kluyveromyces_marxianus","Fungi,Basidiomycota,Tremellomycetes,Trichosporonales,Trichosporonaceae,Trichosporon,Trichosporon_asahii",2
"Kluyveromyces_marxianus","Fungi,Ascomycota,Eurotiomycetes,Eurotiales,Aspergillaceae,Aspergillus_,Aspergillus_flavus",1
"Kluyveromyces_marxianus","Fungi,Ascomycota,Saccharomycetes,Saccharomycetales,Saccharomycetaceae,Nakaseomyces,Candida_glabrata",1
"Kodamaea_ohmeri","Fungi,Ascomycota,Saccharomycetes,Saccharomycetales,Debaryomycetaceae,Kodamaea,Kodamaea_ohmeri",400
"Leptosphaeria_maculans","Fungi,Ascomycota,Dothidiomycetes,Pleosporales,Leptosphaeriacae,Leptosphaeria,Leptosphaeria_maculans",396
"Leptosphaeria_maculans","Fungi,Ascomycota,Saccharomycetes,Saccharomycetales,Saccharomycetaceae,Kluyveromyces,Kluyveromyces_lactis",1
"Leptosphaeria_maculans","Fungi,Ascomycota,Saccharomycetes,Saccharomycetales,Dipodascaceae,Yarrowia_,Yarrowia_lipolytica",1
"Leptosphaeria_maculans","Fungi,Basidiomycota,Microbotryomycetes,Sporidiobolales,Sporidiobolaceae,Rhodotorula,Rhodotorula_mucilaginosa",1
"Leptosphaeria_maculans","Fungi,Ascomycota,Leotiomycetes,Helotiales,Sclerotiniaceae,Botrytis,Botrytis_fabae",1
"Penicillium_chrysogenum","Fungi,Ascomycota,Eurotiomycetes,Eurotiales,Aspergillaceae,Penicillium,Penicillium_chrysogenum",395
"Penicillium_chrysogenum","Fungi,Ascomycota,Saccharomycetes,Saccharomycetales,Saccharomycetaceae,Nakaseomyces,Candida_glabrata",1
"Penicillium_chrysogenum","Fungi,Ascomycota,Leotiomycetes,Helotiales,Sclerotiniaceae,Botrytis,Botrytis_fabae",1
"Penicillium_chrysogenum","Fungi,Ascomycota,Pezizomycetes,Helotiales,Sclerotiniaceae,Sclerotinia,Sclerotinia_sclerotiorum",1
"Penicillium_chrysogenum","Fungi,Ascomycota,Saccharomycetes,Saccharomycetales,Pichiaeceae,Pichia,Pichia_kudriavzevii",1
"Penicillium_chrysogenum","Fungi,Basidiomycota,Tremellomycetes,Tremellales,Cryptococcaceae,Cryptococcus,Cryptococcus_gattii_VG_I",1
"Pichia_kudriavzevii","Fungi,Ascomycota,Saccharomycetes,Saccharomycetales,Pichiaeceae,Pichia,Pichia_kudriavzevii",397
"Pichia_kudriavzevii","Fungi,Ascomycota,Sordariomycetes,Microascales,Microascaceae,Scedosporium,Scedosporium_boydii",1
"Pichia_kudriavzevii","Fungi,Ascomycota,Saccharomycetes,Saccharomycetales,Debaryomycetaceae,Candida,Candida_dubliniensis",1
"Pichia_kudriavzevii","Fungi,Ascomycota,Saccharomycetes,Saccharomycetales,Pichiaeceae,Pichia,Pichia_membranifaciens",1
"Pichia_membranifaciens","Fungi,Ascomycota,Saccharomycetes,Saccharomycetales,Pichiaeceae,Pichia,Pichia_membranifaciens",374
"Pichia_membranifaciens","Fungi,Ascomycota,Saccharomycetes,Saccharomycetales,Saccharomycetaceae,Nakaseomyces,Candida_glabrata",3
"Pichia_membranifaciens","Fungi,Ascomycota,Eurotiomycetes,Eurotiales,Aspergillaceae,Aspergillus_,Aspergillus_fumigatus",1
"Pichia_membranifaciens","Fungi,Ascomycota,Dothidiomycetes,Pleosporales,Pleosporaceae,Pyrenophora,Pyrenophora_tritici-repentis",2
"Pichia_membranifaciens","Fungi,Ascomycota,Saccharomycetes,Saccharomycetales,Trichomonascaceae,Trichomonascus,Trichomonascus_ciferrii",1
"Pichia_membranifaciens","Fungi,Ascomycota,Saccharomycetes,Saccharomycetales,Saccharomycetaceae,Kluyveromyces,Kluyveromyces_lactis",1
"Pichia_membranifaciens","Fungi,Ascomycota,Sordariomycetes,Microascales,Microascaceae,Scedosporium,Scedosporium_aurantiacum",1
"Pichia_membranifaciens","Fungi,Basidiomycota,Pucciniomycetes,Pucciniales,Sphaerophragmiaceae,Austropuccinia_,Austropuccinia_psidii",3
"Pichia_membranifaciens","Fungi,Ascomycota,Sordariomycetes,Microascales,Microascaceae,Scedosporium,Scedosporium_boydii",1
"Pichia_membranifaciens","Fungi,Ascomycota,Saccharomycetes,Saccharomycetales,Pichiaeceae,Pichia,Pichia_kudriavzevii",3
"Pichia_membranifaciens","Fungi,Ascomycota,Saccharomycetes,Saccharomycetales,Phaffomycetaceae,Wickerhamomyces,Wickerhamomyces_anomalus",1
"Pichia_membranifaciens","Fungi,Ascomycota,Eurotiomycetes,Eurotiales,Aspergillaceae,Penicillium,Penicillium_chrysogenum",1
"Pichia_membranifaciens","Fungi,Basidiomycota,Tremellomycetes,Trichosporonales,Trichosporonaceae,Trichosporon,Trichosporon_asahii",2
"Pichia_membranifaciens","Fungi,Basidiomycota,Pucciniomycetes,Pucciniales,Pucciniaceae,Puccinia,Puccinia_triticina",1
"Pichia_membranifaciens","Fungi,Basidiomycota,Pucciniomycetes,Pucciniales,Pucciniaceae,Puccinia,Puccinia_graminis",1
"Pichia_membranifaciens","Fungi,Basidiomycota,Tremellomycetes,Tremellales,Cryptococcaceae,Cryptococcus,Cryptococcus_neoformans_VN_IIII",1
"Pichia_membranifaciens","Fungi,Ascomycota,Saccharomycetes,Saccharomycetales,Debaryomycetaceae,Candida,Candida_dubliniensis",1
"Pichia_membranifaciens","Fungi,Ascomycota,Eurotiomycetes,Eurotiales,Aspergillaceae,Aspergillus_,Aspergillus_flavus",1
"Pichia_membranifaciens","Fungi,Ascomycota,Saccharomycetes,Saccharomycetales,Debaryomycetaceae,Kodamaea,Kodamaea_ohmeri",1
"Puccinia_graminis","Fungi,Basidiomycota,Pucciniomycetes,Pucciniales,Pucciniaceae,Puccinia,Puccinia_graminis",398
"Puccinia_graminis","Fungi,Basidiomycota,Pucciniomycetes,Pucciniales,Pucciniaceae,Puccinia,Puccinia_triticina",1
"Puccinia_graminis","Fungi,Basidiomycota,PucciFniomycetes,Pucciniales,Pucciniaceae,Puccinia,Puccinia_striiformis_var_tritici",1
"Puccinia_striiformis_var_tritici","Fungi,Basidiomycota,PucciFniomycetes,Pucciniales,Pucciniaceae,Puccinia,Puccinia_striiformis_var_tritici",390
"Puccinia_striiformis_var_tritici","Fungi,Basidiomycota,Pucciniomycetes,Pucciniales,Pucciniaceae,Puccinia,Puccinia_graminis",5
"Puccinia_striiformis_var_tritici","Fungi,Basidiomycota,Pucciniomycetes,Pucciniales,Pucciniaceae,Puccinia,Puccinia_triticina",2
"Puccinia_striiformis_var_tritici","Fungi,Ascomycota,Saccharomycetes,Saccharomycetales,Pichiaeceae,Pichia,Pichia_kudriavzevii",1
"Puccinia_striiformis_var_tritici","Fungi,Ascomycota,Saccharomycetes,Saccharomycetales,Phaffomycetaceae,Wickerhamomyces,Wickerhamomyces_anomalus",1
"Puccinia_striiformis_var_tritici","Fungi,Ascomycota,Dothidiomycetes,Mycosphaerellales,Mycosphaerellaceae,Zymoseptoria,Zymoseptoria_tritici",1
"Puccinia_triticina","Fungi,Basidiomycota,Pucciniomycetes,Pucciniales,Pucciniaceae,Puccinia,Puccinia_triticina",391
"Puccinia_triticina","Fungi,Basidiomycota,PucciFniomycetes,Pucciniales,Pucciniaceae,Puccinia,Puccinia_striiformis_var_tritici",2
"Puccinia_triticina","Fungi,Basidiomycota,Pucciniomycetes,Pucciniales,Pucciniaceae,Puccinia,Puccinia_graminis",6
"Puccinia_triticina","Fungi,Basidiomycota,Pucciniomycetes,Pucciniales,Sphaerophragmiaceae,Austropuccinia_,Austropuccinia_psidii",1
"Pyrenophora_tritici-repentis","Fungi,Ascomycota,Dothidiomycetes,Pleosporales,Pleosporaceae,Pyrenophora,Pyrenophora_tritici-repentis",396
"Pyrenophora_tritici-repentis","Fungi,Ascomycota,Saccharomycetes,Saccharomycetales,Debaryomycetaceae,Suhomyces,Candida_caryicola",1
"Pyrenophora_tritici-repentis","Fungi,Ascomycota,Saccharomycetes,Saccharomycetales,Dipodascaceae,Geotrichum,Geotrichum_candidum",1
"Pyrenophora_tritici-repentis","Fungi,Ascomycota,Sordariomycetes,Xylariales,Xylariaceae,Entoleuca,Entoleuca_sp_CCL052",1
"Pyrenophora_tritici-repentis","Fungi,Basidiomycota,Pucciniomycetes,Pucciniales,Sphaerophragmiaceae,Austropuccinia_,Austropuccinia_psidii",1
"Quambalaria_cyanescens_CCL055","Fungi,Basidiomycota,Exobasidiomycetes,Micostromatales,Quambalariaceae,Quambalaria,Quambalaria_cyanescens_CCL055",398
"Quambalaria_cyanescens_CCL055","Fungi,Ascomycota,Saccharomycetes,Saccharomycetales,Pichiaeceae,Pichia,Pichia_membranifaciens",1
"Quambalaria_cyanescens_CCL055","Fungi,Ascomycota,Saccharomycetes,Saccharomycetales,Dipodascaceae,Yarrowia_,Yarrowia_lipolytica",1
"Rhodotorula_mucilaginosa","Fungi,Basidiomycota,Microbotryomycetes,Sporidiobolales,Sporidiobolaceae,Rhodotorula,Rhodotorula_mucilaginosa",395
"Rhodotorula_mucilaginosa","Fungi,Ascomycota,Saccharomycetes,Saccharomycetales,Debaryomycetaceae,Kurtzmaniella,Candida_zeylanoides",1
"Rhodotorula_mucilaginosa","Fungi,Ascomycota,Saccharomycetes,Saccharomycetales,Dipodascaceae,Geotrichum,Geotrichum_candidum",1
"Rhodotorula_mucilaginosa","Fungi,Ascomycota,Dothidiomycetes,Pleosporales,Pleosporaceae,Pyrenophora,Pyrenophora_tritici-repentis",1
"Rhodotorula_mucilaginosa","Fungi,Ascomycota,Dothidiomycetes,Pleosporales,Leptosphaeriacae,Leptosphaeria,Leptosphaeria_maculans",1
"Rhodotorula_mucilaginosa","Fungi,Ascomycota,Eurotiomycetes,Eurotiales,Aspergillaceae,Aspergillus_,Aspergillus_flavus",1
"Scedosporium_aurantiacum","Fungi,Ascomycota,Sordariomycetes,Microascales,Microascaceae,Scedosporium,Scedosporium_aurantiacum",387
"Scedosporium_aurantiacum","Fungi,Ascomycota,Sordariomycetes,Hypocreales,Nectriaceae,Fusarium,Fusarium_proliferatum",1
"Scedosporium_aurantiacum","Fungi,Basidiomycota,Ustilaginomyces,Ustilaginales,Ustilaginaceae,Sporisorium,Sporisorium_scitamineum",1
"Scedosporium_aurantiacum","Fungi,Ascomycota,Sordariomycetes,Microascales,Microascaceae,Scedosporium,Scedosporium_boydii",8
"Scedosporium_aurantiacum","Fungi,Ascomycota,Dothidiomycetes,Pleosporales,Pleosporaceae,Pyrenophora,Pyrenophora_tritici-repentis",1
"Scedosporium_aurantiacum","Fungi,Basidiomycota,Tremellomycetes,Tremellales,Cryptococcaceae,Cryptococcus,Cryptococcus_neoformans_VN_IIII",1
"Scedosporium_aurantiacum","Fungi,Ascomycota,Leotiomycetes,Erysiphales,Erysiphaceae,Erysiphe_,Erysiphe_necator",1
"Scedosporium_boydii","Fungi,Ascomycota,Sordariomycetes,Microascales,Microascaceae,Scedosporium,Scedosporium_boydii",392
"Scedosporium_boydii","Fungi,Ascomycota,Sordariomycetes,Xylariales,Xylariaceae,Entoleuca,Entoleuca_sp_CCL052",1
"Scedosporium_boydii","Fungi,Ascomycota,Sordariomycetes,Microascales,Microascaceae,Scedosporium,Scedosporium_aurantiacum",1
"Scedosporium_boydii","Fungi,Ascomycota,Saccharomycetes,Saccharomycetales,Pichiaeceae,Pichia,Pichia_membranifaciens",1
"Scedosporium_boydii","Fungi,Basidiomycota,Pucciniomycetes,Pucciniales,Sphaerophragmiaceae,Austropuccinia_,Austropuccinia_psidii",1
"Scedosporium_boydii","Fungi,Ascomycota,Dothidiomycetes,Mycosphaerellales,Mycosphaerellaceae,Zymoseptoria,Zymoseptoria_tritici",1
"Scedosporium_boydii","Fungi,Ascomycota,Sordariomycetes,Diaporthales,Diaporthaceae,Diaporthe,Diaporthe_sp_CCL067",1
"Scedosporium_boydii","Fungi,Ascomycota,Saccharomycetes,Saccharomycetales,Pichiaeceae,Pichia,Pichia_kudriavzevii",1
"Scedosporium_boydii","Fungi,Basidiomycota,Pucciniomycetes,Pucciniales,Pucciniaceae,Puccinia,Puccinia_triticina",1
"Sclerotinia_sclerotiorum","Fungi,Ascomycota,Pezizomycetes,Helotiales,Sclerotiniaceae,Sclerotinia,Sclerotinia_sclerotiorum",390
"Sclerotinia_sclerotiorum","Fungi,Ascomycota,Leotiomycetes,Helotiales,Sclerotiniaceae,Botrytis,Botrytis_fabae",3
"Sclerotinia_sclerotiorum","Fungi,Ascomycota,Dothidiomycetes,Pleosporales,Pleosporaceae,Pyrenophora,Pyrenophora_tritici-repentis",1
"Sclerotinia_sclerotiorum","Fungi,Basidiomycota,PucciFniomycetes,Pucciniales,Pucciniaceae,Puccinia,Puccinia_striiformis_var_tritici",1
"Sclerotinia_sclerotiorum","Fungi,Basidiomycota,Pucciniomycetes,Pucciniales,Pucciniaceae,Puccinia,Puccinia_triticina",1
"Sclerotinia_sclerotiorum","Fungi,Ascomycota,Leotiomycetes,Helotiales,Sclerotiniaceae,Botrytis,Botrytis_cinerea",1
"Sclerotinia_sclerotiorum","Fungi,Ascomycota,Sordariomycetes,Microascales,Microascaceae,Scedosporium,Scedosporium_boydii",1
"Sclerotinia_sclerotiorum","Fungi,Ascomycota,Saccharomycetes,Saccharomycetales,Saccharomycetales_incertae_sedis,Diutina,Candida_catenulata",2
"Sporisorium_scitamineum","Fungi,Basidiomycota,Ustilaginomyces,Ustilaginales,Ustilaginaceae,Sporisorium,Sporisorium_scitamineum",392
"Sporisorium_scitamineum","Fungi,Ascomycota,Saccharomycetes,Saccharomycetales,Pichiaeceae,Pichia,Pichia_kudriavzevii",1
"Sporisorium_scitamineum","Fungi,Ascomycota,Saccharomycetes,Saccharomycetales,Debaryomycetaceae,Candida,Candida_tropicalis",1
"Sporisorium_scitamineum","Fungi,Basidiomycota,Pucciniomycetes,Pucciniales,Pucciniaceae,Puccinia,Puccinia_graminis",2
"Sporisorium_scitamineum","Fungi,Ascomycota,Dothidiomycetes,Pleosporales,Leptosphaeriacae,Leptosphaeria,Leptosphaeria_maculans",1
"Sporisorium_scitamineum","Fungi,Ascomycota,Eurotiomycetes,Eurotiales,Aspergillaceae,Aspergillus_,Aspergillus_fumigatus",2
"Sporisorium_scitamineum","Fungi,Basidiomycota,Pucciniomycetes,Pucciniales,Pucciniaceae,Puccinia,Puccinia_triticina",1
"Trichomonascus_ciferrii","Fungi,Ascomycota,Saccharomycetes,Saccharomycetales,Trichomonascaceae,Trichomonascus,Trichomonascus_ciferrii",396
"Trichomonascus_ciferrii","Fungi,Ascomycota,Saccharomycetes,Saccharomycetales,Phaffomycetaceae,Wickerhamomyces,Wickerhamomyces_anomalus",1
"Trichomonascus_ciferrii","Fungi,Ascomycota,Saccharomycetes,Saccharomycetales,Trichomonascaceae,Blastobotrys,Blastobotrys_adeninivorans",1
"Trichomonascus_ciferrii","Fungi,Ascomycota,Saccharomycetes,Saccharomycetales,Debaryomycetaceae,Kodamaea,Kodamaea_ohmeri",1
"Trichomonascus_ciferrii","Fungi,Ascomycota,Saccharomycetes,Saccharomycetales,Debaryomycetaceae,Suhomyces,Candida_caryicola",1
"Trichosporon_asahii","Fungi,Basidiomycota,Tremellomycetes,Trichosporonales,Trichosporonaceae,Trichosporon,Trichosporon_asahii",396
"Trichosporon_asahii","Fungi,Ascomycota,Saccharomycetes,Saccharomycetales,Saccharomycetaceae,Nakaseomyces,Candida_glabrata",1
"Trichosporon_asahii","Fungi,Ascomycota,Saccharomycetes,Saccharomycetales,Debaryomycetaceae,Candida,Candida_tropicalis",1
"Trichosporon_asahii","Fungi,Ascomycota,Saccharomycetes,Saccharomycetales,Saccharomycetaceae,Kluyveromyces,Kluyveromyces_lactis",1
"Trichosporon_asahii","Fungi,Basidiomycota,Tremellomycetes,Tremellales,Cryptococcaceae,Cryptococcus,Cryptococcus_gattii_VG_I",1
"Tuber_brumale","Fungi,Ascomycota,Pezizomycetes,Pezizales,Tuberaceae,Tuber,Tuber_brumale",396
"Tuber_brumale","Fungi,Ascomycota,Saccharomycetes,Saccharomycetales,Saccharomycetaceae,Nakaseomyces,Candida_glabrata",1
"Tuber_brumale","Fungi,Ascomycota,Dothidiomycetes,Botryosphaeriales,Botryosphaeriaceae,Diplodia,Diplodia_seriata",1
"Tuber_brumale","Fungi,Ascomycota,Saccharomycetes,Saccharomycetales,Saccharomycetaceae,Kluyveromyces,Kluyveromyces_lactis",1
"Tuber_brumale","Fungi,Ascomycota,Pezizomycetes,Helotiales,Sclerotiniaceae,Sclerotinia,Sclerotinia_sclerotiorum",1
"Wickerhamomyces_anomalus","Fungi,Ascomycota,Saccharomycetes,Saccharomycetales,Pichiaeceae,Pichia,Pichia_membranifaciens",4
"Wickerhamomyces_anomalus","Fungi,Ascomycota,Saccharomycetes,Saccharomycetales,Phaffomycetaceae,Wickerhamomyces,Wickerhamomyces_anomalus",395
"Wickerhamomyces_anomalus","Fungi,Ascomycota,Eurotiomycetes,Eurotiales,Aspergillaceae,Aspergillus_,Aspergillus_flavus",1
"Yamadazyma_mexicana","Fungi,Ascomycota,Saccharomycetes,Saccharomycetales,Debaryomycetaceae,Yamadazyma,Yamadazyma_mexicana",395
"Yamadazyma_mexicana","Fungi,Ascomycota,Eurotiomycetes,Eurotiales,Aspergillaceae,Aspergillus_,Aspergillus_flavus",1
"Yamadazyma_mexicana","Fungi,Ascomycota,Saccharomycetes,Saccharomycetales,Saccharomycetales_incertae_sedis,Diutina,Candida_catenulata",2
"Yamadazyma_mexicana","Fungi,Ascomycota,Saccharomycetes,Saccharomycetales,Debaryomycetaceae,Yamadazyma,Yamadazyma_scolyti",2
"Yamadazyma_scolyti","Fungi,Ascomycota,Saccharomycetes,Saccharomycetales,Debaryomycetaceae,Yamadazyma,Yamadazyma_scolyti",400
"Yarrowia_lipolytica","Fungi,Ascomycota,Saccharomycetes,Saccharomycetales,Dipodascaceae,Yarrowia_,Yarrowia_lipolytica",397
"Yarrowia_lipolytica","Fungi,Ascomycota,Saccharomycetes,Saccharomycetales,Saccharomycetaceae,Nakaseomyces,Candida_glabrata",2
"Yarrowia_lipolytica","Fungi,Ascomycota,Saccharomycetes,Saccharomycetales,Debaryomycetaceae,Kurtzmaniella,Candida_zeylanoides",1
"Zymoseptoria_tritici","Fungi,Ascomycota,Dothidiomycetes,Mycosphaerellales,Mycosphaerellaceae,Zymoseptoria,Zymoseptoria_tritici",400
