"Aspergillus_flavus","Fungi,Ascomycota,Eurotiomycetes,Eurotiales,Aspergillaceae,Aspergillus_,Aspergillus_flavus",205
"Aspergillus_flavus","Fungi,Ascomycota,Eurotiomycetes,Eurotiales,Aspergillaceae,Aspergillus_,Aspergillus_fumigatus",3
"Aspergillus_flavus","Fungi,Ascomycota,Saccharomycetes,Saccharomycetales,Pichiaeceae,Pichia,Pichia_membranifaciens",1
"Aspergillus_flavus","Fungi,Ascomycota,Saccharomycetes,Saccharomycetales,Debaryomycetaceae,Yamadazyma,Yamadazyma_mexicana",1
"Aspergillus_flavus","Fungi,Ascomycota,Saccharomycetes,Saccharomycetales,Dipodascaceae,Yarrowia_,Yarrowia_lipolytica",3
"Aspergillus_flavus","Fungi,Ascomycota,Saccharomycetes,Saccharomycetales,Saccharomycetales_incertae_sedis,Diutina,Candida_catenulata",2
"Aspergillus_flavus","Fungi,Ascomycota,Saccharomycetes,Saccharomycetales,Pichiaeceae,Pichia,Pichia_kudriavzevii",1
"Aspergillus_flavus","Fungi,Basidiomycota,Ustilaginomyces,Ustilaginales,Ustilaginaceae,Sporisorium,Sporisorium_scitamineum",1
"Aspergillus_flavus","Fungi,Ascomycota,Sordariomycetes,Xylariales,Xylariaceae,Entoleuca,Entoleuca_sp_CCL052",1
"Aspergillus_fumigatus","Fungi,Ascomycota,Eurotiomycetes,Eurotiales,Aspergillaceae,Aspergillus_,Aspergillus_fumigatus",506
"Aspergillus_fumigatus","Fungi,Ascomycota,Saccharomycetes,Saccharomycetales,Debaryomycetaceae,Suhomyces,Candida_caryicola",1
"Aspergillus_fumigatus","Fungi,Basidiomycota,Microbotryomycetes,Sporidiobolales,Sporidiobolaceae,Rhodotorula,Rhodotorula_mucilaginosa",3
"Aspergillus_fumigatus","Fungi,Ascomycota,Saccharomycetes,Saccharomycetales,Debaryomycetaceae,Candida,Candida_metapsilosis",2
"Aspergillus_fumigatus","Fungi,Ascomycota,Saccharomycetes,Saccharomycetales,Debaryomycetaceae,Candida,Candida_parapsilosis",2
"Aspergillus_fumigatus","Fungi,Ascomycota,Saccharomycetes,Saccharomycetales,Dipodascaceae,Geotrichum,Geotrichum_candidum",1
"Aspergillus_fumigatus","Fungi,Basidiomycota,Pucciniomycetes,Pucciniales,Pucciniaceae,Puccinia,Puccinia_triticina",1
"Asteroma_sp_CCL060","Fungi,Ascomycota,Sordariomycetes,Sordariomycetes_insertae_sedis_,Sordariomycetes_insertae_sedis_,Asteroma,Asteroma_sp_CCL060",383
"Asteroma_sp_CCL060","Fungi,Ascomycota,Saccharomycetes,Saccharomycetales,Debaryomycetaceae,Candida,Candida_dubliniensis",1
"Asteroma_sp_CCL060","Fungi,Ascomycota,Sordariomycetes,Xylariales,Xylariaceae,Entoleuca,Entoleuca_sp_CCL052",1
"Asteroma_sp_CCL060","Fungi,Basidiomycota,Pucciniomycetes,Pucciniales,Pucciniaceae,Puccinia,Puccinia_triticina",1
"Asteroma_sp_CCL060","Fungi,Ascomycota,Saccharomycetes,Saccharomycetales,Pichiaeceae,Pichia,Pichia_membranifaciens",1
"Austropuccinia_psidii","Fungi,Basidiomycota,Pucciniomycetes,Pucciniales,Sphaerophragmiaceae,Austropuccinia_,Austropuccinia_psidii",377
"Blastobotrys_adeninivorans","Fungi,Ascomycota,Saccharomycetes,Saccharomycetales,Trichomonascaceae,Blastobotrys,Blastobotrys_adeninivorans",256
"Blastobotrys_adeninivorans","Fungi,Ascomycota,Saccharomycetes,Saccharomycetales,Trichomonascaceae,Trichomonascus,Trichomonascus_ciferrii",1
"Blastobotrys_proliferans","Fungi,Ascomycota,Saccharomycetes,Saccharomycetales,Trichomonascaceae,Blastobotrys,Blastobotrys_proliferans",216
"Blastobotrys_proliferans","Fungi,Basidiomycota,PucciFniomycetes,Pucciniales,Pucciniaceae,Puccinia,Puccinia_striiformis_var_tritici",1
"Blastobotrys_proliferans","Fungi,Ascomycota,Saccharomycetes,Saccharomycetales,Debaryomycetaceae,Kurtzmaniella,Candida_boleticola",1
"Botrytis_cinerea","Fungi,Ascomycota,Leotiomycetes,Helotiales,Sclerotiniaceae,Botrytis,Botrytis_cinerea",417
"Botrytis_cinerea","Fungi,Ascomycota,Leotiomycetes,Helotiales,Sclerotiniaceae,Botrytis,Botrytis_fabae",40
"Botrytis_cinerea","Fungi,Basidiomycota,Pucciniomycetes,Pucciniales,Pucciniaceae,Puccinia,Puccinia_graminis",1
"Botrytis_cinerea","Fungi,Ascomycota,Saccharomycetes,Saccharomycetales,Debaryomycetaceae,Candida,Candida_tropicalis",1
"Botrytis_cinerea","Fungi,Ascomycota,Pezizomycetes,Helotiales,Sclerotiniaceae,Sclerotinia,Sclerotinia_sclerotiorum",2
"Botrytis_cinerea","Fungi,Ascomycota,Saccharomycetes,Saccharomycetales,Saccharomycetaceae,Kluyveromyces,Kluyveromyces_marxianus",1
"Botrytis_fabae","Fungi,Ascomycota,Leotiomycetes,Helotiales,Sclerotiniaceae,Botrytis,Botrytis_fabae",146
"Botrytis_fabae","Fungi,Ascomycota,Leotiomycetes,Helotiales,Sclerotiniaceae,Botrytis,Botrytis_cinerea",66
"Botrytis_fabae","Fungi,Ascomycota,Pezizomycetes,Helotiales,Sclerotiniaceae,Sclerotinia,Sclerotinia_sclerotiorum",4
"Botrytis_fabae","Fungi,Basidiomycota,PucciFniomycetes,Pucciniales,Pucciniaceae,Puccinia,Puccinia_striiformis_var_tritici",1
"Botrytis_fabae","Fungi,Ascomycota,Eurotiomycetes,Eurotiales,Aspergillaceae,Aspergillus_,Aspergillus_flavus",1
"Candida_boleticola","Fungi,Ascomycota,Saccharomycetes,Saccharomycetales,Debaryomycetaceae,Kurtzmaniella,Candida_boleticola",217
"Candida_boleticola","Fungi,Ascomycota,Saccharomycetes,Saccharomycetales,Debaryomycetaceae,Kurtzmaniella,Candida_zeylanoides",1
"Candida_caryicola","Fungi,Ascomycota,Saccharomycetes,Saccharomycetales,Debaryomycetaceae,Suhomyces,Candida_caryicola",211
"Candida_caryicola","Fungi,Basidiomycota,Pucciniomycetes,Pucciniales,Sphaerophragmiaceae,Austropuccinia_,Austropuccinia_psidii",2
"Candida_caryicola","Fungi,Ascomycota,Saccharomycetes,Saccharomycetales,Dipodascaceae,Yarrowia_,Yarrowia_lipolytica",1
"Candida_caryicola","Fungi,Ascomycota,Saccharomycetes,Saccharomycetales,Debaryomycetaceae,Kurtzmaniella,Candida_zeylanoides",2
"Candida_caryicola","Fungi,Ascomycota,Sordariomycetes,Microascales,Microascaceae,Scedosporium,Scedosporium_aurantiacum",2
"Candida_catenulata","Fungi,Ascomycota,Saccharomycetes,Saccharomycetales,Saccharomycetales_incertae_sedis,Diutina,Candida_catenulata",224
"Candida_catenulata","Fungi,Ascomycota,Saccharomycetes,Saccharomycetales,Pichiaeceae,Pichia,Pichia_membranifaciens",2
"Candida_catenulata","Fungi,Ascomycota,Pezizomycetes,Helotiales,Sclerotiniaceae,Sclerotinia,Sclerotinia_sclerotiorum",1
"Candida_dubliniensis","Fungi,Ascomycota,Saccharomycetes,Saccharomycetales,Debaryomycetaceae,Candida,Candida_dubliniensis",213
"Candida_dubliniensis","Fungi,Ascomycota,Saccharomycetes,Saccharomycetales,Saccharomycetaceae,Kluyveromyces,Kluyveromyces_lactis",3
"Candida_dubliniensis","Fungi,Ascomycota,Saccharomycetes,Saccharomycetales,Saccharomycetaceae,Nakaseomyces,Candida_glabrata",2
"Candida_glabrata","Fungi,Ascomycota,Saccharomycetes,Saccharomycetales,Saccharomycetaceae,Kluyveromyces,Kluyveromyces_marxianus",3
"Candida_glabrata","Fungi,Ascomycota,Saccharomycetes,Saccharomycetales,Saccharomycetaceae,Nakaseomyces,Candida_glabrata",518
"Candida_glabrata","Fungi,Ascomycota,Saccharomycetes,Saccharomycetales,Trichomonascaceae,Blastobotrys,Blastobotrys_proliferans",1
"Candida_glabrata","Fungi,Ascomycota,Saccharomycetes,Saccharomycetales,Dipodascaceae,Yarrowia_,Yarrowia_lipolytica",10
"Candida_glabrata","Fungi,Ascomycota,Saccharomycetes,Saccharomycetales,Pichiaeceae,Pichia,Pichia_kudriavzevii",9
"Candida_glabrata","Fungi,Ascomycota,Dothidiomycetes,Botryosphaeriales,Botryosphaeriaceae,Diplodia,Diplodia_seriata",1
"Candida_glabrata","Fungi,Ascomycota,Saccharomycetes,Saccharomycetales,Trichomonascaceae,Blastobotrys,Blastobotrys_adeninivorans",2
"Candida_glabrata","Fungi,Ascomycota,Saccharomycetes,Saccharomycetales,Pichiaeceae,Pichia,Pichia_membranifaciens",1
"Candida_metapsilosis","Fungi,Ascomycota,Saccharomycetes,Saccharomycetales,Debaryomycetaceae,Candida,Candida_metapsilosis",382
"Candida_metapsilosis","Fungi,Ascomycota,Saccharomycetes,Saccharomycetales,Trichomonascaceae,Blastobotrys,Blastobotrys_adeninivorans",1
"Candida_metapsilosis","Fungi,Ascomycota,Saccharomycetes,Saccharomycetales,Debaryomycetaceae,Candida,Candida_parapsilosis",9
"Candida_metapsilosis","Fungi,Basidiomycota,Pucciniomycetes,Pucciniales,Sphaerophragmiaceae,Austropuccinia_,Austropuccinia_psidii",1
"Candida_metapsilosis","Fungi,Ascomycota,Saccharomycetes,Saccharomycetales,Debaryomycetaceae,Suhomyces,Candida_caryicola",1
"Candida_metapsilosis","Fungi,Ascomycota,Saccharomycetes,Saccharomycetales,Debaryomycetaceae,Candida,Candida_dubliniensis",1
"Candida_parapsilosis","Fungi,Ascomycota,Saccharomycetes,Saccharomycetales,Debaryomycetaceae,Candida,Candida_parapsilosis",624
"Candida_parapsilosis","Fungi,Ascomycota,Saccharomycetes,Saccharomycetales,Debaryomycetaceae,Candida,Candida_metapsilosis",5
"Candida_parapsilosis","Fungi,Ascomycota,Saccharomycetes,Saccharomycetales,Debaryomycetaceae,Candida,Candida_dubliniensis",1
"Candida_parapsilosis","Fungi,Ascomycota,Saccharomycetes,Saccharomycetales,Saccharomycetaceae,Kluyveromyces,Kluyveromyces_lactis",1
"Candida_parapsilosis","Fungi,Ascomycota,Dothidiomycetes,Pleosporales,Leptosphaeriacae,Leptosphaeria,Leptosphaeria_maculans",1
"Candida_parapsilosis","Fungi,Ascomycota,Leotiomycetes,Erysiphales,Erysiphaceae,Erysiphe_,Erysiphe_necator",1
"Candida_parapsilosis","Fungi,Basidiomycota,Pucciniomycetes,Pucciniales,Pucciniaceae,Puccinia,Puccinia_triticina",1
"Candida_tropicalis","Fungi,Ascomycota,Saccharomycetes,Saccharomycetales,Debaryomycetaceae,Candida,Candida_tropicalis",445
"Candida_tropicalis","Fungi,Ascomycota,Saccharomycetes,Saccharomycetales,Saccharomycetaceae,Kluyveromyces,Kluyveromyces_lactis",2
"Candida_tropicalis","Fungi,Basidiomycota,PucciFniomycetes,Pucciniales,Pucciniaceae,Puccinia,Puccinia_striiformis_var_tritici",2
"Candida_tropicalis","Fungi,Ascomycota,Saccharomycetes,Saccharomycetales,Debaryomycetaceae,Candida,Candida_parapsilosis",3
"Candida_tropicalis","Fungi,Ascomycota,Saccharomycetes,Saccharomycetales,Debaryomycetaceae,Candida,Candida_metapsilosis",1
"Candida_zeylanoides","Fungi,Ascomycota,Saccharomycetes,Saccharomycetales,Debaryomycetaceae,Kurtzmaniella,Candida_zeylanoides",294
"Candida_zeylanoides","Fungi,Ascomycota,Saccharomycetes,Saccharomycetales,Saccharomycetaceae,Nakaseomyces,Candida_glabrata",1
"Candida_zeylanoides","Fungi,Ascomycota,Saccharomycetes,Saccharomycetales,Debaryomycetaceae,Kodamaea,Kodamaea_ohmeri",1
"Candida_zeylanoides","Fungi,Basidiomycota,Tremellomycetes,Tremellales,Cryptococcaceae,Cryptococcus,Cryptococcus_neoformans_VN_IIII",1
"Candida_zeylanoides","Fungi,Ascomycota,Saccharomycetes,Saccharomycetales,Debaryomycetaceae,Kurtzmaniella,Candida_boleticola",1
"Cortinarius_globuliformis_CM4","Fungi,Basidiomycota,Agaricomycetes,Agaricales,Cortinariaceae,Cortinarius,Cortinarius_globuliformis_CM4",217
"Cortinarius_globuliformis_CM4","Fungi,Ascomycota,Saccharomycetes,Saccharomycetales,Debaryomycetaceae,Candida,Candida_dubliniensis",1
"Cryptococcus_gattii_VG_I","Fungi,Basidiomycota,Tremellomycetes,Tremellales,Cryptococcaceae,Cryptococcus,Cryptococcus_gattii_VG_I",547
"Cryptococcus_gattii_VG_I","Fungi,Basidiomycota,Tremellomycetes,Tremellales,Cryptococcaceae,Cryptococcus,Cryptococcus_neoformans_VN_IIII",4
"Cryptococcus_gattii_VG_I","Fungi,Ascomycota,Sordariomycetes,Xylariales,Diatrypaceae,Eutypa,Eutypa_lata",1
"Cryptococcus_gattii_VG_I","Fungi,Ascomycota,Saccharomycetes,Saccharomycetales,Pichiaeceae,Pichia,Pichia_membranifaciens",3
"Cryptococcus_neoformans_VN_IIII","Fungi,Basidiomycota,Tremellomycetes,Tremellales,Cryptococcaceae,Cryptococcus,Cryptococcus_neoformans_VN_IIII",525
"Cryptococcus_neoformans_VN_IIII","Fungi,Ascomycota,Saccharomycetes,Saccharomycetales,Phaffomycetaceae,Wickerhamomyces,Wickerhamomyces_anomalus",1
"Cryptococcus_neoformans_VN_IIII","Fungi,Basidiomycota,Tremellomycetes,Trichosporonales,Trichosporonaceae,Trichosporon,Trichosporon_asahii",2
"Cryptococcus_neoformans_VN_IIII","Fungi,Ascomycota,Saccharomycetes,Saccharomycetales,Debaryomycetaceae,Candida,Candida_parapsilosis",1
"Cryptococcus_neoformans_VN_IIII","Fungi,Ascomycota,Dothidiomycetes,Pleosporales,Leptosphaeriacae,Leptosphaeria,Leptosphaeria_maculans",1
"Cryptococcus_neoformans_VN_IIII","Fungi,Basidiomycota,Tremellomycetes,Tremellales,Cryptococcaceae,Cryptococcus,Cryptococcus_gattii_VG_I",4
"Cryptococcus_neoformans_VN_IIII","Fungi,Ascomycota,Saccharomycetes,Saccharomycetales,Debaryomycetaceae,Suhomyces,Candida_caryicola",1
"Cryptococcus_neoformans_VN_IIII","Fungi,Basidiomycota,Pucciniomycetes,Pucciniales,Pucciniaceae,Puccinia,Puccinia_triticina",1
"Cryptococcus_neoformans_VN_IIII","Fungi,Ascomycota,Eurotiomycetes,Eurotiales,Aspergillaceae,Aspergillus_,Aspergillus_fumigatus",1
"Cryptococcus_neoformans_VN_IIII","Fungi,Ascomycota,Saccharomycetes,Saccharomycetales,Pichiaeceae,Pichia,Pichia_membranifaciens",1
"Cryptococcus_neoformans_VN_IIII","Fungi,Ascomycota,Saccharomycetes,Saccharomycetales,Debaryomycetaceae,Kurtzmaniella,Candida_boleticola",1
"Cryptovalsa_ampelina","Fungi,Ascomycota,Sordariomycetes,Xylariales,Diatrypaceae,Cryptovalsa,Cryptovalsa_ampelina",381
"Cryptovalsa_ampelina","Fungi,Ascomycota,Saccharomycetes,Saccharomycetales,Debaryomycetaceae,Kodamaea,Kodamaea_ohmeri",1
"Cryptovalsa_ampelina","Fungi,Ascomycota,Pezizomycetes,Pezizales,Tuberaceae,Tuber,Tuber_brumale",1
"Cryptovalsa_ampelina","Fungi,Ascomycota,Pezizomycetes,Helotiales,Sclerotiniaceae,Sclerotinia,Sclerotinia_sclerotiorum",1
"Cryptovalsa_ampelina","Fungi,Ascomycota,Sordariomycetes,Xylariales,Diatrypaceae,Eutypa,Eutypa_lata",1
"Diaporthe_sp_CCL067","Fungi,Ascomycota,Sordariomycetes,Diaporthales,Diaporthaceae,Diaporthe,Diaporthe_sp_CCL067",657
"Diaporthe_sp_CCL067","Fungi,Basidiomycota,Microbotryomycetes,Sporidiobolales,Sporidiobolaceae,Rhodotorula,Rhodotorula_mucilaginosa",1
"Diaporthe_sp_CCL067","Fungi,Ascomycota,Saccharomycetes,Saccharomycetales,Saccharomycetaceae,Kluyveromyces,Kluyveromyces_lactis",1
"Diplodia_seriata","Fungi,Ascomycota,Dothidiomycetes,Botryosphaeriales,Botryosphaeriaceae,Diplodia,Diplodia_seriata",749
"Diplodia_seriata","Fungi,Ascomycota,Leotiomycetes,Helotiales,Sclerotiniaceae,Botrytis,Botrytis_cinerea",1
"Diplodia_seriata","Fungi,Ascomycota,Eurotiomycetes,Eurotiales,Aspergillaceae,Penicillium,Penicillium_chrysogenum",1
"Entoleuca_sp_CCL052","Fungi,Ascomycota,Sordariomycetes,Xylariales,Xylariaceae,Entoleuca,Entoleuca_sp_CCL052",690
"Entoleuca_sp_CCL052","Fungi,Ascomycota,Saccharomycetes,Saccharomycetales,Pichiaeceae,Pichia,Pichia_kudriavzevii",1
"Entoleuca_sp_CCL052","Fungi,Ascomycota,Sordariomycetes,Microascales,Microascaceae,Scedosporium,Scedosporium_aurantiacum",1
"Erysiphe_necator","Fungi,Ascomycota,Leotiomycetes,Erysiphales,Erysiphaceae,Erysiphe_,Erysiphe_necator",622
"Erysiphe_necator","Fungi,Ascomycota,Saccharomycetes,Saccharomycetales,Trichomonascaceae,Trichomonascus,Trichomonascus_ciferrii",1
"Erysiphe_necator","Fungi,Ascomycota,Sordariomycetes,Diaporthales,Diaporthaceae,Diaporthe,Diaporthe_sp_CCL067",1
"Erysiphe_necator","Fungi,Ascomycota,Sordariomycetes,Hypocreales,Nectriaceae,Fusarium,Fusarium_proliferatum",1
"Erysiphe_necator","Fungi,Ascomycota,Saccharomycetes,Saccharomycetales,Saccharomycetaceae,Kluyveromyces,Kluyveromyces_marxianus",1
"Erysiphe_necator","Fungi,Basidiomycota,Pucciniomycetes,Pucciniales,Pucciniaceae,Puccinia,Puccinia_graminis",2
"Erysiphe_necator","Fungi,Ascomycota,Sordariomycetes,Xylariales,Diatrypaceae,Eutypa,Eutypa_lata",1
"Erysiphe_necator","Fungi,Ascomycota,Saccharomycetes,Saccharomycetales,Debaryomycetaceae,Suhomyces,Candida_caryicola",1
"Eutypa_lata","Fungi,Ascomycota,Sordariomycetes,Xylariales,Diatrypaceae,Eutypa,Eutypa_lata",241
"Eutypa_lata","Fungi,Ascomycota,Sordariomycetes,Xylariales,Diatrypaceae,Cryptovalsa,Cryptovalsa_ampelina",1
"Fusarium_proliferatum","Fungi,Ascomycota,Sordariomycetes,Hypocreales,Nectriaceae,Fusarium,Fusarium_proliferatum",503
"Fusarium_proliferatum","Fungi,Ascomycota,Sordariomycetes,Hypocreales,Nectriaceae,Fusarium,Fusarium_pseudograminearum",2
"Fusarium_proliferatum","Fungi,Ascomycota,Saccharomycetes,Saccharomycetales,Trichomonascaceae,Trichomonascus,Trichomonascus_ciferrii",1
"Fusarium_proliferatum","Fungi,Ascomycota,Dothidiomycetes,Pleosporales,Pleosporaceae,Pyrenophora,Pyrenophora_tritici-repentis",1
"Fusarium_proliferatum","Fungi,Ascomycota,Leotiomycetes,Helotiales,Sclerotiniaceae,Botrytis,Botrytis_fabae",1
"Fusarium_proliferatum","Fungi,Ascomycota,Sordariomycetes,Xylariales,Diatrypaceae,Eutypa,Eutypa_lata",1
"Fusarium_proliferatum","Fungi,Ascomycota,Saccharomycetes,Saccharomycetales,Trichomonascaceae,Blastobotrys,Blastobotrys_adeninivorans",1
"Fusarium_pseudograminearum","Fungi,Ascomycota,Sordariomycetes,Hypocreales,Nectriaceae,Fusarium,Fusarium_pseudograminearum",464
"Fusarium_pseudograminearum","Fungi,Ascomycota,Sordariomycetes,Hypocreales,Nectriaceae,Fusarium,Fusarium_proliferatum",3
"Fusarium_pseudograminearum","Fungi,Ascomycota,Pezizomycetes,Pezizales,Tuberaceae,Tuber,Tuber_brumale",1
"Fusarium_pseudograminearum","Fungi,Ascomycota,Saccharomycetes,Saccharomycetales,Pichiaeceae,Pichia,Pichia_membranifaciens",1
"Fusarium_pseudograminearum","Fungi,Basidiomycota,Agaricomycetes,Agaricales,Cortinariaceae,Cortinarius,Cortinarius_globuliformis_CM4",1
"Geotrichum_candidum","Fungi,Ascomycota,Saccharomycetes,Saccharomycetales,Dipodascaceae,Geotrichum,Geotrichum_candidum",478
"Geotrichum_candidum","Fungi,Ascomycota,Saccharomycetes,Saccharomycetales,Trichomonascaceae,Blastobotrys,Blastobotrys_adeninivorans",1
"Geotrichum_candidum","Fungi,Basidiomycota,Exobasidiomycetes,Micostromatales,Quambalariaceae,Quambalaria,Quambalaria_cyanescens_CCL055",1
"Geotrichum_candidum","Fungi,Ascomycota,Eurotiomycetes,Eurotiales,Aspergillaceae,Aspergillus_,Aspergillus_fumigatus",2
"Geotrichum_candidum","Fungi,Ascomycota,Dothidiomycetes,Pleosporales,Leptosphaeriacae,Leptosphaeria,Leptosphaeria_maculans",1
"Kluyveromyces_lactis","Fungi,Ascomycota,Saccharomycetes,Saccharomycetales,Saccharomycetaceae,Kluyveromyces,Kluyveromyces_lactis",347
"Kluyveromyces_lactis","Fungi,Ascomycota,Saccharomycetes,Saccharomycetales,Pichiaeceae,Pichia,Pichia_membranifaciens",1
"Kluyveromyces_marxianus","Fungi,Ascomycota,Saccharomycetes,Saccharomycetales,Saccharomycetaceae,Kluyveromyces,Kluyveromyces_marxianus",291
"Kluyveromyces_marxianus","Fungi,Basidiomycota,Tremellomycetes,Tremellales,Cryptococcaceae,Cryptococcus,Cryptococcus_neoformans_VN_IIII",1
"Kluyveromyces_marxianus","Fungi,Ascomycota,Saccharomycetes,Saccharomycetales,Saccharomycetaceae,Nakaseomyces,Candida_glabrata",2
"Kluyveromyces_marxianus","Fungi,Ascomycota,Sordariomycetes,Hypocreales,Nectriaceae,Fusarium,Fusarium_proliferatum",1
"Kodamaea_ohmeri","Fungi,Ascomycota,Saccharomycetes,Saccharomycetales,Debaryomycetaceae,Kodamaea,Kodamaea_ohmeri",274
"Kodamaea_ohmeri","Fungi,Ascomycota,Saccharomycetes,Saccharomycetales,Pichiaeceae,Pichia,Pichia_membranifaciens",2
"Kodamaea_ohmeri","Fungi,Ascomycota,Saccharomycetes,Saccharomycetales,Debaryomycetaceae,Candida,Candida_parapsilosis",1
"Leptosphaeria_maculans","Fungi,Ascomycota,Dothidiomycetes,Pleosporales,Leptosphaeriacae,Leptosphaeria,Leptosphaeria_maculans",387
"Leptosphaeria_maculans","Fungi,Ascomycota,Saccharomycetes,Saccharomycetales,Debaryomycetaceae,Kurtzmaniella,Candida_zeylanoides",1
"Leptosphaeria_maculans","Fungi,Ascomycota,Leotiomycetes,Erysiphales,Erysiphaceae,Erysiphe_,Erysiphe_necator",1
"Penicillium_chrysogenum","Fungi,Ascomycota,Eurotiomycetes,Eurotiales,Aspergillaceae,Penicillium,Penicillium_chrysogenum",314
"Penicillium_chrysogenum","Fungi,Ascomycota,Saccharomycetes,Saccharomycetales,Pichiaeceae,Pichia,Pichia_membranifaciens",1
"Penicillium_chrysogenum","Fungi,Ascomycota,Saccharomycetes,Saccharomycetales,Debaryomycetaceae,Candida,Candida_tropicalis",1
"Penicillium_chrysogenum","Fungi,Ascomycota,Eurotiomycetes,Eurotiales,Aspergillaceae,Aspergillus_,Aspergillus_fumigatus",1
"Pichia_kudriavzevii","Fungi,Ascomycota,Saccharomycetes,Saccharomycetales,Pichiaeceae,Pichia,Pichia_kudriavzevii",212
"Pichia_kudriavzevii","Fungi,Ascomycota,Saccharomycetes,Saccharomycetales,Pichiaeceae,Pichia,Pichia_membranifaciens",3
"Pichia_kudriavzevii","Fungi,Ascomycota,Dothidiomycetes,Botryosphaeriales,Botryosphaeriaceae,Diplodia,Diplodia_seriata",1
"Pichia_kudriavzevii","Fungi,Ascomycota,Saccharomycetes,Saccharomycetales,Saccharomycetaceae,Nakaseomyces,Candida_glabrata",1
"Pichia_kudriavzevii","Fungi,Ascomycota,Saccharomycetes,Saccharomycetales,Debaryomycetaceae,Kurtzmaniella,Candida_zeylanoides",1
"Pichia_membranifaciens","Fungi,Ascomycota,Saccharomycetes,Saccharomycetales,Dipodascaceae,Yarrowia_,Yarrowia_lipolytica",1
"Pichia_membranifaciens","Fungi,Ascomycota,Saccharomycetes,Saccharomycetales,Pichiaeceae,Pichia,Pichia_membranifaciens",815
"Pichia_membranifaciens","Fungi,Basidiomycota,Pucciniomycetes,Pucciniales,Sphaerophragmiaceae,Austropuccinia_,Austropuccinia_psidii",4
"Pichia_membranifaciens","Fungi,Ascomycota,Eurotiomycetes,Eurotiales,Aspergillaceae,Aspergillus_,Aspergillus_flavus",1
"Pichia_membranifaciens","Fungi,Ascomycota,Saccharomycetes,Saccharomycetales,Pichiaeceae,Pichia,Pichia_kudriavzevii",1
"Pichia_membranifaciens","Fungi,Ascomycota,Saccharomycetes,Saccharomycetales,Trichomonascaceae,Blastobotrys,Blastobotrys_adeninivorans",1
"Pichia_membranifaciens","Fungi,Ascomycota,Saccharomycetes,Saccharomycetales,Debaryomycetaceae,Kodamaea,Kodamaea_ohmeri",1
"Pichia_membranifaciens","Fungi,Ascomycota,Dothidiomycetes,Pleosporales,Pleosporaceae,Pyrenophora,Pyrenophora_tritici-repentis",2
"Pichia_membranifaciens","Fungi,Ascomycota,Sordariomycetes,Xylariales,Xylariaceae,Entoleuca,Entoleuca_sp_CCL052",6
"Pichia_membranifaciens","Fungi,Ascomycota,Saccharomycetes,Saccharomycetales,Phaffomycetaceae,Wickerhamomyces,Wickerhamomyces_anomalus",1
"Pichia_membranifaciens","Fungi,Ascomycota,Dothidiomycetes,Botryosphaeriales,Botryosphaeriaceae,Diplodia,Diplodia_seriata",1
"Pichia_membranifaciens","Fungi,Ascomycota,Saccharomycetes,Saccharomycetales,Saccharomycetaceae,Kluyveromyces,Kluyveromyces_marxianus",1
"Puccinia_graminis","Fungi,Basidiomycota,Pucciniomycetes,Pucciniales,Pucciniaceae,Puccinia,Puccinia_graminis",691
"Puccinia_graminis","Fungi,Basidiomycota,Pucciniomycetes,Pucciniales,Pucciniaceae,Puccinia,Puccinia_triticina",5
"Puccinia_graminis","Fungi,Ascomycota,Saccharomycetes,Saccharomycetales,Pichiaeceae,Pichia,Pichia_membranifaciens",1
"Puccinia_graminis","Fungi,Ascomycota,Saccharomycetes,Saccharomycetales,Saccharomycetales_incertae_sedis,Diutina,Candida_catenulata",1
"Puccinia_graminis","Fungi,Basidiomycota,PucciFniomycetes,Pucciniales,Pucciniaceae,Puccinia,Puccinia_striiformis_var_tritici",2
"Puccinia_graminis","Fungi,Ascomycota,Saccharomycetes,Saccharomycetales,Saccharomycetaceae,Kluyveromyces,Kluyveromyces_lactis",1
"Puccinia_graminis","Fungi,Basidiomycota,Pucciniomycetes,Pucciniales,Sphaerophragmiaceae,Austropuccinia_,Austropuccinia_psidii",1
"Puccinia_striiformis_var_tritici","Fungi,Basidiomycota,PucciFniomycetes,Pucciniales,Pucciniaceae,Puccinia,Puccinia_striiformis_var_tritici",237
"Puccinia_striiformis_var_tritici","Fungi,Basidiomycota,Pucciniomycetes,Pucciniales,Pucciniaceae,Puccinia,Puccinia_graminis",3
"Puccinia_striiformis_var_tritici","Fungi,Ascomycota,Saccharomycetes,Saccharomycetales,Phaffomycetaceae,Wickerhamomyces,Wickerhamomyces_anomalus",1
"Puccinia_triticina","Fungi,Basidiomycota,Pucciniomycetes,Pucciniales,Pucciniaceae,Puccinia,Puccinia_triticina",309
"Puccinia_triticina","Fungi,Basidiomycota,Pucciniomycetes,Pucciniales,Pucciniaceae,Puccinia,Puccinia_graminis",3
"Puccinia_triticina","Fungi,Ascomycota,Saccharomycetes,Saccharomycetales,Trichomonascaceae,Trichomonascus,Trichomonascus_ciferrii",1
"Pyrenophora_tritici-repentis","Fungi,Ascomycota,Dothidiomycetes,Pleosporales,Pleosporaceae,Pyrenophora,Pyrenophora_tritici-repentis",446
"Pyrenophora_tritici-repentis","Fungi,Ascomycota,Eurotiomycetes,Eurotiales,Aspergillaceae,Penicillium,Penicillium_chrysogenum",1
"Pyrenophora_tritici-repentis","Fungi,Ascomycota,Eurotiomycetes,Eurotiales,Aspergillaceae,Aspergillus_,Aspergillus_fumigatus",1
"Pyrenophora_tritici-repentis","Fungi,Ascomycota,Pezizomycetes,Pezizales,Tuberaceae,Tuber,Tuber_brumale",1
"Quambalaria_cyanescens_CCL055","Fungi,Basidiomycota,Exobasidiomycetes,Micostromatales,Quambalariaceae,Quambalaria,Quambalaria_cyanescens_CCL055",313
"Quambalaria_cyanescens_CCL055","Fungi,Ascomycota,Saccharomycetes,Saccharomycetales,Saccharomycetaceae,Kluyveromyces,Kluyveromyces_marxianus",1
"Rhodotorula_mucilaginosa","Fungi,Basidiomycota,Microbotryomycetes,Sporidiobolales,Sporidiobolaceae,Rhodotorula,Rhodotorula_mucilaginosa",623
"Rhodotorula_mucilaginosa","Fungi,Ascomycota,Sordariomycetes,Diaporthales,Diaporthaceae,Diaporthe,Diaporthe_sp_CCL067",1
"Scedosporium_aurantiacum","Fungi,Ascomycota,Sordariomycetes,Microascales,Microascaceae,Scedosporium,Scedosporium_aurantiacum",206
"Scedosporium_aurantiacum","Fungi,Ascomycota,Saccharomycetes,Saccharomycetales,Pichiaeceae,Pichia,Pichia_membranifaciens",5
"Scedosporium_aurantiacum","Fungi,Ascomycota,Sordariomycetes,Microascales,Microascaceae,Scedosporium,Scedosporium_boydii",2
"Scedosporium_aurantiacum","Fungi,Ascomycota,Saccharomycetes,Saccharomycetales,Debaryomycetaceae,Suhomyces,Candida_caryicola",1
"Scedosporium_aurantiacum","Fungi,Ascomycota,Eurotiomycetes,Eurotiales,Aspergillaceae,Aspergillus_,Aspergillus_flavus",1
"Scedosporium_aurantiacum","Fungi,Ascomycota,Saccharomycetes,Saccharomycetales,Debaryomycetaceae,Kurtzmaniella,Candida_zeylanoides",1
"Scedosporium_aurantiacum","Fungi,Basidiomycota,Agaricomycetes,Agaricales,Cortinariaceae,Cortinarius,Cortinarius_globuliformis_CM4",1
"Scedosporium_aurantiacum","Fungi,Ascomycota,Dothidiomycetes,Pleosporales,Pleosporaceae,Pyrenophora,Pyrenophora_tritici-repentis",1
"Scedosporium_boydii","Fungi,Ascomycota,Sordariomycetes,Microascales,Microascaceae,Scedosporium,Scedosporium_boydii",269
"Scedosporium_boydii","Fungi,Ascomycota,Saccharomycetes,Saccharomycetales,Saccharomycetaceae,Kluyveromyces,Kluyveromyces_marxianus",1
"Scedosporium_boydii","Fungi,Ascomycota,Sordariomycetes,Microascales,Microascaceae,Scedosporium,Scedosporium_aurantiacum",2
"Scedosporium_boydii","Fungi,Ascomycota,Saccharomycetes,Saccharomycetales,Trichomonascaceae,Blastobotrys,Blastobotrys_adeninivorans",1
"Sclerotinia_sclerotiorum","Fungi,Ascomycota,Pezizomycetes,Helotiales,Sclerotiniaceae,Sclerotinia,Sclerotinia_sclerotiorum",729
"Sclerotinia_sclerotiorum","Fungi,Ascomycota,Saccharomycetes,Saccharomycetales,Saccharomycetales_incertae_sedis,Diutina,Candida_catenulata",3
"Sclerotinia_sclerotiorum","Fungi,Ascomycota,Leotiomycetes,Helotiales,Sclerotiniaceae,Botrytis,Botrytis_cinerea",2
"Sclerotinia_sclerotiorum","Fungi,Ascomycota,Saccharomycetes,Saccharomycetales,Debaryomycetaceae,Candida,Candida_tropicalis",1
"Sclerotinia_sclerotiorum","Fungi,Ascomycota,Saccharomycetes,Saccharomycetales,Debaryomycetaceae,Kurtzmaniella,Candida_zeylanoides",1
"Sclerotinia_sclerotiorum","Fungi,Ascomycota,Leotiomycetes,Helotiales,Sclerotiniaceae,Botrytis,Botrytis_fabae",1
"Sporisorium_scitamineum","Fungi,Ascomycota,Saccharomycetes,Saccharomycetales,Pichiaeceae,Pichia,Pichia_membranifaciens",1
"Sporisorium_scitamineum","Fungi,Basidiomycota,Ustilaginomyces,Ustilaginales,Ustilaginaceae,Sporisorium,Sporisorium_scitamineum",258
"Sporisorium_scitamineum","Fungi,Basidiomycota,Pucciniomycetes,Pucciniales,Pucciniaceae,Puccinia,Puccinia_graminis",1
"Sporisorium_scitamineum","Fungi,Basidiomycota,Tremellomycetes,Trichosporonales,Trichosporonaceae,Trichosporon,Trichosporon_asahii",1
"Sporisorium_scitamineum","Fungi,Ascomycota,Eurotiomycetes,Eurotiales,Aspergillaceae,Aspergillus_,Aspergillus_fumigatus",1
"Sporisorium_scitamineum","Fungi,Ascomycota,Leotiomycetes,Erysiphales,Erysiphaceae,Erysiphe_,Erysiphe_necator",1
"Sporisorium_scitamineum","Fungi,Ascomycota,Sordariomycetes,Diaporthales,Diaporthaceae,Diaporthe,Diaporthe_sp_CCL067",1
"Sporisorium_scitamineum","Fungi,Basidiomycota,Tremellomycetes,Tremellales,Cryptococcaceae,Cryptococcus,Cryptococcus_neoformans_VN_IIII",1
"Sporisorium_scitamineum","Fungi,Ascomycota,Sordariomycetes,Hypocreales,Nectriaceae,Fusarium,Fusarium_proliferatum",1
"Trichomonascus_ciferrii","Fungi,Ascomycota,Saccharomycetes,Saccharomycetales,Trichomonascaceae,Trichomonascus,Trichomonascus_ciferrii",257
"Trichomonascus_ciferrii","Fungi,Ascomycota,Pezizomycetes,Pezizales,Tuberaceae,Tuber,Tuber_brumale",1
"Trichomonascus_ciferrii","Fungi,Ascomycota,Saccharomycetes,Saccharomycetales,Pichiaeceae,Pichia,Pichia_membranifaciens",1
"Trichosporon_asahii","Fungi,Basidiomycota,Tremellomycetes,Trichosporonales,Trichosporonaceae,Trichosporon,Trichosporon_asahii",525
"Trichosporon_asahii","Fungi,Ascomycota,Saccharomycetes,Saccharomycetales,Saccharomycetaceae,Kluyveromyces,Kluyveromyces_lactis",1
"Trichosporon_asahii","Fungi,Ascomycota,Saccharomycetes,Saccharomycetales,Trichomonascaceae,Trichomonascus,Trichomonascus_ciferrii",1
"Trichosporon_asahii","Fungi,Ascomycota,Dothidiomycetes,Pleosporales,Pleosporaceae,Pyrenophora,Pyrenophora_tritici-repentis",1
"Trichosporon_asahii","Fungi,Ascomycota,Saccharomycetes,Saccharomycetales,Pichiaeceae,Pichia,Pichia_kudriavzevii",1
"Trichosporon_asahii","Fungi,Ascomycota,Sordariomycetes,Sordariomycetes_insertae_sedis_,Sordariomycetes_insertae_sedis_,Asteroma,Asteroma_sp_CCL060",1
"Tuber_brumale","Fungi,Ascomycota,Pezizomycetes,Pezizales,Tuberaceae,Tuber,Tuber_brumale",405
"Tuber_brumale","Fungi,Ascomycota,Sordariomycetes,Microascales,Microascaceae,Scedosporium,Scedosporium_aurantiacum",1
"Tuber_brumale","Fungi,Ascomycota,Saccharomycetes,Saccharomycetales,Pichiaeceae,Pichia,Pichia_membranifaciens",1
"Wickerhamomyces_anomalus","Fungi,Ascomycota,Saccharomycetes,Saccharomycetales,Phaffomycetaceae,Wickerhamomyces,Wickerhamomyces_anomalus",340
"Wickerhamomyces_anomalus","Fungi,Ascomycota,Saccharomycetes,Saccharomycetales,Pichiaeceae,Pichia,Pichia_membranifaciens",4
"Wickerhamomyces_anomalus","Fungi,Ascomycota,Saccharomycetes,Saccharomycetales,Saccharomycetaceae,Kluyveromyces,Kluyveromyces_lactis",1
"Yamadazyma_mexicana","Fungi,Ascomycota,Saccharomycetes,Saccharomycetales,Debaryomycetaceae,Yamadazyma,Yamadazyma_mexicana",412
"Yamadazyma_mexicana","Fungi,Ascomycota,Saccharomycetes,Saccharomycetales,Trichomonascaceae,Blastobotrys,Blastobotrys_adeninivorans",1
"Yamadazyma_mexicana","Fungi,Ascomycota,Saccharomycetes,Saccharomycetales,Pichiaeceae,Pichia,Pichia_membranifaciens",1
"Yamadazyma_mexicana","Fungi,Ascomycota,Saccharomycetes,Saccharomycetales,Debaryomycetaceae,Candida,Candida_parapsilosis",1
"Yamadazyma_mexicana","Fungi,Basidiomycota,Pucciniomycetes,Pucciniales,Sphaerophragmiaceae,Austropuccinia_,Austropuccinia_psidii",1
"Yamadazyma_scolyti","Fungi,Ascomycota,Saccharomycetes,Saccharomycetales,Debaryomycetaceae,Yamadazyma,Yamadazyma_scolyti",357
"Yarrowia_lipolytica","Fungi,Ascomycota,Saccharomycetes,Saccharomycetales,Dipodascaceae,Yarrowia_,Yarrowia_lipolytica",341
"Yarrowia_lipolytica","Fungi,Ascomycota,Saccharomycetes,Saccharomycetales,Saccharomycetaceae,Nakaseomyces,Candida_glabrata",10
"Yarrowia_lipolytica","Fungi,Ascomycota,Saccharomycetes,Saccharomycetales,Dipodascaceae,Geotrichum,Geotrichum_candidum",1
"Yarrowia_lipolytica","Fungi,Ascomycota,Saccharomycetes,Saccharomycetales,Saccharomycetales_incertae_sedis,Diutina,Candida_catenulata",1
"Zymoseptoria_tritici","Fungi,Ascomycota,Dothidiomycetes,Mycosphaerellales,Mycosphaerellaceae,Zymoseptoria,Zymoseptoria_tritici",216
"Zymoseptoria_tritici","Fungi,Ascomycota,Eurotiomycetes,Eurotiales,Aspergillaceae,Penicillium,Penicillium_chrysogenum",1
"Zymoseptoria_tritici","Fungi,Basidiomycota,Pucciniomycetes,Pucciniales,Pucciniaceae,Puccinia,Puccinia_graminis",1
