"Aspergillus_flavus","Fungi,Ascomycota,Saccharomycetes,Saccharomycetales,Phaffomycetaceae,Phaffomyces,[Candida]_orba",180
"Aspergillus_flavus","Fungi,Basidiomycota,Tremellomycetes,Tremellales,Cryptococcaceae,Cryptococcus,Cryptococcus_bacillisporus",3
"Aspergillus_flavus","Fungi,Ascomycota,Eurotiomycetes,Eurotiales,Aspergillaceae,Aspergillus,Aspergillus_austwickii",49
"Aspergillus_flavus","Fungi,Ascomycota,Eurotiomycetes,Eurotiales,Aspergillaceae,Aspergillus,Aspergillus_salinarum",2
"Aspergillus_flavus","Fungi,Ascomycota,Eurotiomycetes,Eurotiales,Aspergillaceae,Aspergillus,Aspergillus_aflatoxiformans",39
"Aspergillus_flavus","Fungi,Ascomycota,Saccharomycetes,Saccharomycetales,Dipodascaceae,Yarrowia,Yarrowia_lipolytica",3
"Aspergillus_flavus","Fungi,Ascomycota,Eurotiomycetes,Eurotiales,Aspergillaceae,Aspergillus,Aspergillus_chlamydosporus",1
"Aspergillus_flavus","Fungi,Basidiomycota,Microbotryomycetes,Sporidiobolales,Sporidiobolaceae,Rhodotorula,Rhodotorula_mucilaginosa",1
"Aspergillus_flavus","Fungi,Ascomycota,Dothideomycetes,Pleosporales,Leptosphaeriaceae,Plenodomus,Plenodomus_lingam",1
"Aspergillus_flavus","Fungi,Basidiomycota,Pucciniomycetes,Pucciniales,Pucciniaceae,Puccinia,Puccinia_aizazii",1
"Aspergillus_flavus","Fungi,Ascomycota,Saccharomycetes,Saccharomycetales,Debaryomycetaceae,Candida,Candida_africana",1
"Aspergillus_flavus","Fungi,Ascomycota,Eurotiomycetes,Eurotiales,Aspergillaceae,Penicillium,Penicillium_vanoranjei",1
"Aspergillus_flavus","Fungi,Ascomycota,Eurotiomycetes,Eurotiales,Aspergillaceae,Aspergillus,Aspergillus_oryzae",1
"Aspergillus_flavus","Fungi,Ascomycota,Saccharomycetes,Saccharomycetales,Lipomycetaceae,Lipomyces,Lipomyces_oligophaga",1
"Aspergillus_fumigatus","Fungi,Ascomycota,Dothideomycetes,Mycosphaerellales,Mycosphaerellaceae,Pseudocercospora,Pseudocercospora_sennae-multijugae",26
"Aspergillus_fumigatus","Fungi,Ascomycota,Dothideomycetes,Venturiales,Sympoventuriaceae,Verruconis,Verruconis_thailandica",32
"Aspergillus_fumigatus","Fungi,Ascomycota,Eurotiomycetes,Eurotiales,Aspergillaceae,Aspergillus,Aspergillus_insolitus",14
"Aspergillus_fumigatus","Fungi,Ascomycota,Dothideomycetes,Pleosporales,Pleosporaceae,Curvularia,Curvularia_beasleyi",30
"Aspergillus_fumigatus","Fungi,Ascomycota,Dothideomycetes,Mycosphaerellales,Teratosphaeriaceae,Penidiella,Penidiella_aggregata",38
"Aspergillus_fumigatus","Fungi,Ascomycota,Sordariomycetes,Hypocreales,Stachybotryaceae,Stachybotrys,Stachybotrys_subsylvatica",2
"Aspergillus_fumigatus","Fungi,Ascomycota,Saccharomycetes,Saccharomycetales,Dipodascaceae,Dipodascus,Dipodascus_fermentans",14
"Aspergillus_fumigatus","Fungi,Ascomycota,Dothideomycetes,Pleosporales,Pleosporaceae,Bipolaris,Bipolaris_simmondsii",31
"Aspergillus_fumigatus","Fungi,Ascomycota,Saccharomycetes,Saccharomycetales,Phaffomycetaceae,Phaffomyces,[Candida]_orba",2
"Aspergillus_fumigatus","Fungi,Ascomycota,Leotiomycetes,Thelebolales,Thelebolaceae,Inopinatum,Inopinatum_lactosum",10
"Aspergillus_fumigatus","Fungi,Ascomycota,Eurotiomycetes,Eurotiales,Aspergillaceae,Aspergillus,Aspergillus_felis",1
"Aspergillus_fumigatus","Fungi,Ascomycota,Sordariomycetes,Sordariales,Chaetomiaceae,Dichotomopilus,Dichotomopilus_subfunicola",5
"Aspergillus_fumigatus","Fungi,Ascomycota,Dothideomycetes,Capnodiales,Paradevriesiaceae,Paradevriesia,Paradevriesia_pseudoamericana",1
"Aspergillus_fumigatus","Fungi,Basidiomycota,Agaricomycetes,Gomphales,Gomphaceae,Lentaria,Lentaria_variabilis",1
"Aspergillus_fumigatus","Fungi,Ascomycota,Eurotiomycetes,Eurotiales,Aspergillaceae,Aspergillus,Aspergillus_novofumigatus",1
"Aspergillus_fumigatus","Fungi,Ascomycota,Dothideomycetes,Mycosphaerellales,Teratosphaeriaceae,Simplicidiella,Simplicidiella_nigra",1
"Aspergillus_fumigatus","Fungi,Ascomycota,Dothideomycetes,Myriangiales,Elsinoaceae,Elsinoe,Elsinoe_eucalypticola",2
"Aspergillus_fumigatus","Fungi,Ascomycota,Eurotiomycetes,Eurotiales,Trichocomaceae,Talaromyces,Talaromyces_coalescens",2
"Aspergillus_fumigatus","Fungi,Ascomycota,Eurotiomycetes,Phaeomoniellales,Phaeomoniellaceae,Paraphaeomoniella,Paraphaeomoniella_capensis",1
"Aspergillus_fumigatus","Fungi,Ascomycota,Eurotiomycetes,Eurotiales,Trichocomaceae,Talaromyces,Talaromyces_thailandensis",2
"Aspergillus_fumigatus","Fungi,Ascomycota,Eurotiomycetes,Eurotiales,Aspergillaceae,Aspergillus,Aspergillus_fumigatus",1
"Aspergillus_fumigatus","Fungi,Ascomycota,Saccharomycetes,Saccharomycetales,Debaryomycetaceae,Candida,Candida_parapsilosis",1
"Aspergillus_fumigatus","Fungi,Ascomycota,Dothideomycetes,Pleosporales,Pleosporaceae,Pyrenophora,Pyrenophora_novozelandica",1
"Asteroma_sp_CCL060","Fungi,Ascomycota,Sordariomycetes,Diaporthales,Diaporthaceae,Diaporthe,Diaporthe_foeniculina",366
"Asteroma_sp_CCL060","Fungi,Ascomycota,Sordariomycetes,Diaporthales,Diaporthaceae,Diaporthe,Diaporthe_eucalyptorum",1
"Asteroma_sp_CCL060","Fungi,Ascomycota,Dothideomycetes,Pleosporales,Pleosporaceae,Bipolaris,Bipolaris_simmondsii",2
"Asteroma_sp_CCL060","Fungi,Ascomycota,Pezizomycetes,Pezizales,Morchellaceae,Morchella,Morchella_australiana",1
"Asteroma_sp_CCL060","Fungi,Ascomycota,Sordariomycetes,Xylariales,Sporocadaceae,Seiridium,Seiridium_podocarpi",3
"Asteroma_sp_CCL060","Fungi,Ascomycota,Saccharomycetes,Saccharomycetales,Debaryomycetaceae,Candida,Candida_dubliniensis",2
"Asteroma_sp_CCL060","Fungi,Ascomycota,Dothideomycetes,Mycosphaerellales,Mycosphaerellaceae,Pseudocercospora,Pseudocercospora_sennae-multijugae",1
"Asteroma_sp_CCL060","Fungi,Ascomycota,Dothideomycetes,Pleosporales,Phaeosphaeriaceae,Paraphoma,Paraphoma_variabilis",1
"Asteroma_sp_CCL060","Fungi,Ascomycota,Sordariomycetes,Hypocreales,Nectriaceae,Paracremonium,Paracremonium_inflatum",2
"Asteroma_sp_CCL060","Fungi,Ascomycota,Sordariomycetes,Hypocreales,Nectriaceae,Fusicolla,Fusicolla_violacea",1
"Asteroma_sp_CCL060","Fungi,Ascomycota,Lecanoromycetes,Ostropales,Stictidaceae,Cyanodermella,Cyanodermella_oleoligni",1
"Asteroma_sp_CCL060","Fungi,Ascomycota,Dothideomycetes,Pleosporales,Pleosporaceae,Curvularia,Curvularia_beasleyi",1
"Asteroma_sp_CCL060","Fungi,Ascomycota,Dothideomycetes,Mycosphaerellales,Mycosphaerellaceae,Clypeosphaerella,Clypeosphaerella_quasiparkii",1
"Austropuccinia_psidii","Fungi,Basidiomycota,Agaricomycetes,Gomphales,Gomphaceae,Lentaria,Lentaria_variabilis",284
"Austropuccinia_psidii","Fungi,Basidiomycota,Agaricomycetes,Geastrales,Geastraceae,Geastrum,Geastrum_lanuginosum",25
"Austropuccinia_psidii","Fungi,Basidiomycota,Pucciniomycetes,Pucciniales,Pucciniaceae,Puccinia,Puccinia_xinyuanensis",4
"Austropuccinia_psidii","Fungi,Basidiomycota,Pucciniomycetes,Pucciniales,Pucciniaceae,Puccinia,Puccinia_setariae",69
"Austropuccinia_psidii","Fungi,Basidiomycota,Agaricomycetes,Corticiales,Corticiaceae,Bryoclavula,Bryoclavula_phycophila",1
"Austropuccinia_psidii","Fungi,Basidiomycota,Pucciniomycetes,Pucciniales,Pucciniaceae,Puccinia,Puccinia_wiehei",1
"Austropuccinia_psidii","Fungi,Basidiomycota,Pucciniomycetes,Pucciniales,Pucciniaceae,Puccinia,Puccinia_aizazii",1
"Blastobotrys_adeninivorans","Fungi,Ascomycota,Saccharomycetes,Saccharomycetales,Trichomonascaceae,Blastobotrys,Blastobotrys_adeninivorans",378
"Blastobotrys_adeninivorans","Fungi,Ascomycota,Saccharomycetes,Saccharomycetales,Trichomonascaceae,Blastobotrys,Blastobotrys_raffinosifermentans",1
"Blastobotrys_adeninivorans","Fungi,Ascomycota,Saccharomycetes,Saccharomycetales,Dipodascaceae,Yarrowia,Yarrowia_lipolytica",1
"Blastobotrys_proliferans","Fungi,Ascomycota,Saccharomycetes,Saccharomycetales,Trichomonascaceae,Blastobotrys,Blastobotrys_proliferans",300
"Blastobotrys_proliferans","Fungi,Ascomycota,Pezizomycetes,Pezizales,Morchellaceae,Morchella,Morchella_australiana",17
"Blastobotrys_proliferans","Fungi,Ascomycota,Saccharomycetes,Saccharomycetales,Metschnikowiaceae,NA,[Candida]_pseudointermedia",20
"Blastobotrys_proliferans","Fungi,Ascomycota,Eurotiomycetes,Eurotiales,Aspergillaceae,Aspergillus,Aspergillus_insolitus",23
"Blastobotrys_proliferans","Fungi,Ascomycota,Saccharomycetes,Saccharomycetales,Metschnikowiaceae,NA,[Candida]_pseudoflosculorum",10
"Blastobotrys_proliferans","Fungi,Ascomycota,Eurotiomycetes,Eurotiales,Trichocomaceae,Talaromyces,Talaromyces_coalescens",12
"Blastobotrys_proliferans","Fungi,Ascomycota,Eurotiomycetes,Chaetothyriales,Herpotrichiellaceae,Capronia,Capronia_leucadendri",2
"Blastobotrys_proliferans","Fungi,Ascomycota,Leotiomycetes,Helotiales,Cenangiaceae,Cenangiopsis,Cenangiopsis_livida",1
"Blastobotrys_proliferans","Fungi,Basidiomycota,Agaricomycetes,Agaricales,NA,Tricholomopsis,Tricholomopsis_osiliensis",1
"Blastobotrys_proliferans","Fungi,Basidiomycota,Tremellomycetes,Tremellales,Tremellaceae,Tremella,Tremella_flava",2
"Blastobotrys_proliferans","Fungi,Ascomycota,Saccharomycetes,Saccharomycetales,Dipodascaceae,Yarrowia,Yarrowia_yakushimensis",1
"Blastobotrys_proliferans","Fungi,Ascomycota,Saccharomycetes,Saccharomycetales,Debaryomycetaceae,Millerozyma,Millerozyma_farinosa",1
"Blastobotrys_proliferans","Fungi,Ascomycota,Eurotiomycetes,Eurotiales,Aspergillaceae,Penicillium,Penicillium_dierckxii",1
"Botrytis_cinerea","Fungi,Ascomycota,Leotiomycetes,Helotiales,Sclerotiniaceae,Botryotinia,Botryotinia_ranunculi",104
"Botrytis_cinerea","Fungi,Ascomycota,Dothideomycetes,Pleosporales,Pleosporaceae,Curvularia,Curvularia_beasleyi",285
"Botrytis_cinerea","Fungi,Ascomycota,Saccharomycetes,Saccharomycetales,Debaryomycetaceae,Candida,Candida_parapsilosis",1
"Botrytis_fabae","Fungi,Ascomycota,Dothideomycetes,Pleosporales,Pleosporaceae,Curvularia,Curvularia_beasleyi",248
"Botrytis_fabae","Fungi,Ascomycota,Leotiomycetes,Helotiales,Sclerotiniaceae,Botryotinia,Botryotinia_ranunculi",123
"Botrytis_fabae","Fungi,Ascomycota,Eurotiomycetes,Eurotiales,Aspergillaceae,Aspergillus,Aspergillus_insolitus",1
"Botrytis_fabae","Fungi,Basidiomycota,Agaricomycetes,Gomphales,Gomphaceae,Lentaria,Lentaria_variabilis",1
"Botrytis_fabae","Fungi,Basidiomycota,Tremellomycetes,Tremellales,Cryptococcaceae,Cryptococcus,Cryptococcus_bacillisporus",1
"Botrytis_fabae","Fungi,Ascomycota,Saccharomycetes,Saccharomycetales,Dipodascaceae,Geotrichum,Geotrichum_pandrosion",1
"Candida_boleticola","Fungi,Ascomycota,Saccharomycetes,Saccharomycetales,Metschnikowiaceae,NA,[Candida]_pseudointermedia",35
"Candida_boleticola","Fungi,Ascomycota,Saccharomycetes,Saccharomycetales,Debaryomycetaceae,Kurtzmaniella,[Candida]_boleticola",282
"Candida_boleticola","Fungi,Ascomycota,Sordariomycetes,Xylariales,Sporocadaceae,Bartalinia,Bartalinia_robillardoides",11
"Candida_boleticola","Fungi,Ascomycota,Saccharomycetes,Saccharomycetales,Metschnikowiaceae,NA,[Candida]_pseudoflosculorum",34
"Candida_boleticola","Fungi,Ascomycota,Saccharomycetes,Saccharomycetales,Debaryomycetaceae,Kodamaea,Kodamaea_kakaduensis",9
"Candida_boleticola","Fungi,Ascomycota,Saccharomycetes,Saccharomycetales,Dipodascaceae,Yarrowia,Yarrowia_yakushimensis",1
"Candida_boleticola","Fungi,Ascomycota,Saccharomycetes,Saccharomycetales,Trichomonascaceae,Sugiyamaella,Sugiyamaella_ayubii",5
"Candida_boleticola","Fungi,Ascomycota,Sordariomycetes,Pleurotheciales,Pleurotheciaceae,Phaeoisaria,Phaeoisaria_loranthacearum",3
"Candida_boleticola","Fungi,Ascomycota,Saccharomycetes,Saccharomycetales,NA,Starmerella,Starmerella_meliponinorum",2
"Candida_boleticola","Fungi,Ascomycota,Dothideomycetes,Mycosphaerellales,Dissoconiaceae,Dissoconium,Dissoconium_proteae",7
"Candida_boleticola","Fungi,Ascomycota,Dothideomycetes,Trypetheliales,Trypetheliaceae,Astrothelium,Astrothelium_chulumanense",2
"Candida_caryicola","Fungi,Ascomycota,Saccharomycetes,Saccharomycetales,Debaryomycetaceae,Suhomyces,[Candida]_caryicola",109
"Candida_caryicola","Fungi,Ascomycota,Eurotiomycetes,Eurotiales,Aspergillaceae,Aspergillus,Aspergillus_insolitus",54
"Candida_caryicola","Fungi,Ascomycota,Eurotiomycetes,Eurotiales,Trichocomaceae,Talaromyces,Talaromyces_coalescens",197
"Candida_caryicola","Fungi,Ascomycota,Dothideomycetes,Venturiales,Sympoventuriaceae,Verruconis,Verruconis_thailandica",1
"Candida_caryicola","Fungi,Ascomycota,Saccharomycetes,Saccharomycetales,Dipodascaceae,Yarrowia,Yarrowia_lipolytica",1
"Candida_caryicola","Fungi,Ascomycota,Eurotiomycetes,Eurotiales,Trichocomaceae,Thermomyces,Thermomyces_dupontii",2
"Candida_caryicola","Fungi,Ascomycota,Saccharomycetes,Saccharomycetales,Metschnikowiaceae,NA,[Candida]_pseudointermedia",5
"Candida_caryicola","Fungi,Ascomycota,Saccharomycetes,Saccharomycetales,Dipodascaceae,Galactomyces,Galactomyces_citri-aurantii",1
"Candida_caryicola","Fungi,Ascomycota,Saccharomycetes,Saccharomycetales,Pichiaceae,Martiniozyma,Martiniozyma_abietophila",2
"Candida_caryicola","Fungi,Ascomycota,Sordariomycetes,Hypocreales,NA,Pseudoacremonium,Pseudoacremonium_sacchari",1
"Candida_caryicola","Fungi,Ascomycota,Pezizomycetes,Pezizales,Morchellaceae,Morchella,Morchella_australiana",3
"Candida_caryicola","Fungi,Ascomycota,Dothideomycetes,Pleosporales,Pleosporaceae,Bipolaris,Bipolaris_simmondsii",1
"Candida_caryicola","Fungi,Ascomycota,Saccharomycetes,Saccharomycetales,Phaffomycetaceae,Wickerhamomyces,[Pichia]_myanmarensis",1
"Candida_caryicola","Fungi,Ascomycota,Dothideomycetes,Mycosphaerellales,Mycosphaerellaceae,Pseudocercospora,Pseudocercospora_sennae-multijugae",1
"Candida_caryicola","Fungi,Ascomycota,Saccharomycetes,Saccharomycetales,Debaryomycetaceae,Kodamaea,Kodamaea_kakaduensis",1
"Candida_caryicola","Fungi,Ascomycota,Sordariomycetes,Xylariales,Sporocadaceae,Bartalinia,Bartalinia_robillardoides",1
"Candida_caryicola","Fungi,Ascomycota,Saccharomycetes,Saccharomycetales,Dipodascaceae,Yarrowia,Yarrowia_yakushimensis",1
"Candida_caryicola","Fungi,Ascomycota,Dothideomycetes,Pleosporales,Pleosporaceae,Curvularia,Curvularia_beasleyi",1
"Candida_catenulata","Fungi,Ascomycota,Eurotiomycetes,Eurotiales,Aspergillaceae,Aspergillus,Aspergillus_insolitus",277
"Candida_catenulata","Fungi,Ascomycota,Saccharomycetes,Saccharomycetales,Dipodascaceae,Yarrowia,Yarrowia_yakushimensis",5
"Candida_catenulata","Fungi,Ascomycota,Saccharomycetes,Saccharomycetales,Debaryomycetaceae,Diutina,Diutina_catenulata",74
"Candida_catenulata","Fungi,Ascomycota,Saccharomycetes,Saccharomycetales,Metschnikowiaceae,NA,[Candida]_pseudointermedia",19
"Candida_catenulata","Fungi,Ascomycota,Eurotiomycetes,Eurotiales,Aspergillaceae,Aspergillus,Aspergillus_salinarum",3
"Candida_catenulata","Fungi,Ascomycota,Eurotiomycetes,Eurotiales,Aspergillaceae,Aspergillus,Aspergillus_oryzae",1
"Candida_catenulata","Fungi,Basidiomycota,Agaricomycetes,Geastrales,Geastraceae,Geastrum,Geastrum_caatingense",1
"Candida_catenulata","Fungi,Ascomycota,Eurotiomycetes,Eurotiales,Aspergillaceae,Aspergillus,Aspergillus_thailandensis",1
"Candida_catenulata","Fungi,Ascomycota,Saccharomycetes,Saccharomycetales,Phaffomycetaceae,Phaffomyces,[Candida]_orba",1
"Candida_dubliniensis","Fungi,Ascomycota,Saccharomycetes,Saccharomycetales,Debaryomycetaceae,Candida,Candida_dubliniensis",322
"Candida_dubliniensis","Fungi,Ascomycota,Saccharomycetes,Saccharomycetales,Pichiaceae,Martiniozyma,Martiniozyma_abietophila",47
"Candida_dubliniensis","Fungi,Ascomycota,Saccharomycetes,Saccharomycetales,Saccharomycetaceae,Jamesozyma,Jamesozyma_piceae",1
"Candida_dubliniensis","Fungi,Ascomycota,Dothideomycetes,Pleosporales,Leptosphaeriaceae,Plenodomus,Plenodomus_lingam",1
"Candida_dubliniensis","Fungi,Ascomycota,Saccharomycetes,Saccharomycetales,Pichiaceae,Pichia,Pichia_sporocuriosa",1
"Candida_dubliniensis","Fungi,Ascomycota,Saccharomycetes,Saccharomycetales,Pichiaceae,Saturnispora,Saturnispora_sanitii",1
"Candida_dubliniensis","Fungi,Ascomycota,Saccharomycetes,Saccharomycetales,Saccharomycetaceae,Lachancea,Lachancea_nothofagi",1
"Candida_dubliniensis","Fungi,Ascomycota,Saccharomycetes,Saccharomycetales,Pichiaceae,Pichia,Pichia_bovicola",2
"Candida_dubliniensis","Fungi,Ascomycota,Saccharomycetes,Saccharomycetales,Pichiaceae,Pichia,Pichia_barkeri",2
"Candida_dubliniensis","Fungi,Ascomycota,Dothideomycetes,Mycosphaerellales,Dissoconiaceae,Dissoconium,Dissoconium_proteae",1
"Candida_dubliniensis","Fungi,Ascomycota,Saccharomycetes,Saccharomycetales,Dipodascaceae,Yarrowia,Yarrowia_lipolytica",1
"Candida_dubliniensis","Fungi,Ascomycota,Saccharomycetes,Saccharomycetales,Pichiaceae,Pichia,Pichia_kudriavzevii",1
"Candida_glabrata","Fungi,Ascomycota,Saccharomycetes,Saccharomycetales,Saccharomycetaceae,Nakaseomyces,Nakaseomyces_glabratus",90
"Candida_glabrata","Fungi,Ascomycota,Saccharomycetes,Saccharomycetales,Debaryomycetaceae,Scheffersomyces,Scheffersomyces_ergatensis",7
"Candida_glabrata","Fungi,Ascomycota,Eurotiomycetes,Eurotiales,Aspergillaceae,Aspergillus,Aspergillus_insolitus",186
"Candida_glabrata","Fungi,Ascomycota,Saccharomycetes,Saccharomycetales,Saccharomycetaceae,Lachancea,Lachancea_nothofagi",1
"Candida_glabrata","Fungi,Ascomycota,Saccharomycetes,Saccharomycetales,Debaryomycetaceae,Yamadazyma,[Candida]_oceani",5
"Candida_glabrata","Fungi,Basidiomycota,Agaricomycetes,Geastrales,Geastraceae,Geastrum,Geastrum_caatingense",3
"Candida_glabrata","Fungi,Ascomycota,Saccharomycetes,Saccharomycetales,Pichiaceae,Pichia,Pichia_kudriavzevii",6
"Candida_glabrata","Fungi,Ascomycota,Pezizomycetes,Pezizales,Morchellaceae,Morchella,Morchella_australiana",17
"Candida_glabrata","Fungi,Ascomycota,Saccharomycetes,Saccharomycetales,Dipodascaceae,Yarrowia,Yarrowia_lipolytica",18
"Candida_glabrata","Fungi,Ascomycota,Saccharomycetes,Saccharomycetales,Metschnikowiaceae,NA,[Candida]_pseudointermedia",4
"Candida_glabrata","Fungi,Ascomycota,Saccharomycetes,Saccharomycetales,Debaryomycetaceae,Spathaspora,Spathaspora_boniae",5
"Candida_glabrata","Fungi,Ascomycota,Saccharomycetes,Saccharomycetales,Debaryomycetaceae,Suhomyces,Suhomyces_vadensis",2
"Candida_glabrata","Fungi,Ascomycota,Saccharomycetes,Saccharomycetales,Debaryomycetaceae,Yamadazyma,[Candida]_aaseri",2
"Candida_glabrata","Fungi,Ascomycota,Saccharomycetes,Saccharomycetales,Metschnikowiaceae,NA,[Candida]_pseudoflosculorum",2
"Candida_glabrata","Fungi,Ascomycota,Saccharomycetes,Saccharomycetales,Metschnikowiaceae,Clavispora,Clavispora_fructus",10
"Candida_glabrata","Fungi,Ascomycota,Saccharomycetes,Saccharomycetales,Dipodascaceae,Yarrowia,Yarrowia_yakushimensis",2
"Candida_glabrata","Fungi,Ascomycota,Saccharomycetes,Saccharomycetales,Debaryomycetaceae,Candida,Candida_africana",2
"Candida_glabrata","Fungi,Chytridiomycota,Neocallimastigomycetes,Neocallimastigales,Neocallimastigaceae,Feramyces,Feramyces_austinii",1
"Candida_glabrata","Fungi,Ascomycota,Saccharomycetes,Saccharomycetales,Debaryomycetaceae,Candida,Candida_tropicalis",1
"Candida_glabrata","Fungi,Ascomycota,Saccharomycetes,Saccharomycetales,Pichiaceae,Martiniozyma,Martiniozyma_abietophila",1
"Candida_glabrata","Fungi,Ascomycota,Saccharomycetes,Saccharomycetales,Saccharomycetaceae,Eremothecium,Eremothecium_sinecaudum",1
"Candida_glabrata","Fungi,Ascomycota,Saccharomycetes,Saccharomycetales,Saccharomycetaceae,Torulaspora,Torulaspora_delbrueckii",1
"Candida_glabrata","Fungi,Basidiomycota,Agaricomycetes,Agaricales,Pluteaceae,Volvariella,Volvariella_ptilotricha",1
"Candida_glabrata","Fungi,Ascomycota,Saccharomycetes,Saccharomycetales,Saccharomycetaceae,Jamesozyma,Jamesozyma_piceae",1
"Candida_glabrata","Fungi,Basidiomycota,Tremellomycetes,Filobasidiales,Filobasidiaceae,Naganishia,Naganishia_albida",1
"Candida_metapsilosis","Fungi,Ascomycota,Saccharomycetes,Saccharomycetales,Debaryomycetaceae,Yamadazyma,[Candida]_vrieseae",4
"Candida_metapsilosis","Fungi,Ascomycota,Saccharomycetes,Saccharomycetales,Debaryomycetaceae,Candida,Candida_orthopsilosis",339
"Candida_metapsilosis","Fungi,Ascomycota,Saccharomycetes,Saccharomycetales,Pichiaceae,Ogataea,[Candida]_succiphila",1
"Candida_metapsilosis","Fungi,Ascomycota,Saccharomycetes,Saccharomycetales,Pichiaceae,Ogataea,[Candida]_methanosorbosa",26
"Candida_metapsilosis","Fungi,Ascomycota,Saccharomycetes,Saccharomycetales,NA,Nakazawaea,Nakazawaea_wyomingensis",8
"Candida_metapsilosis","Fungi,Basidiomycota,Tremellomycetes,Tremellales,Tremellaceae,Tremella,Tremella_flava",1
"Candida_metapsilosis","Fungi,Ascomycota,Dothideomycetes,Mycosphaerellales,Dissoconiaceae,Dissoconium,Dissoconium_proteae",4
"Candida_metapsilosis","Fungi,Ascomycota,Saccharomycetes,Saccharomycetales,NA,Nakazawaea,Nakazawaea_peltata",1
"Candida_metapsilosis","Fungi,Ascomycota,Saccharomycetes,Saccharomycetales,Dipodascaceae,Dipodascus,Dipodascus_fermentans",1
"Candida_metapsilosis","Fungi,Ascomycota,Eurotiomycetes,Eurotiales,Aspergillaceae,Aspergillus,Aspergillus_insolitus",1
"Candida_parapsilosis","Fungi,Ascomycota,Saccharomycetes,Saccharomycetales,Debaryomycetaceae,Candida,Candida_parapsilosis",350
"Candida_parapsilosis","Fungi,Ascomycota,Saccharomycetes,Saccharomycetales,Pichiaceae,Ogataea,[Candida]_methanosorbosa",17
"Candida_parapsilosis","Fungi,Ascomycota,Sordariomycetes,Pleurotheciales,Pleurotheciaceae,Phaeoisaria,Phaeoisaria_loranthacearum",2
"Candida_parapsilosis","Fungi,Ascomycota,Saccharomycetes,Saccharomycetales,NA,Nakazawaea,Nakazawaea_wyomingensis",4
"Candida_parapsilosis","Fungi,Ascomycota,Dothideomycetes,Pleosporales,Pleosporaceae,Bipolaris,Bipolaris_simmondsii",1
"Candida_parapsilosis","Fungi,Ascomycota,Dothideomycetes,Venturiales,Sympoventuriaceae,Verruconis,Verruconis_thailandica",2
"Candida_parapsilosis","Fungi,Ascomycota,Eurotiomycetes,Eurotiales,Aspergillaceae,Aspergillus,Aspergillus_aflatoxiformans",1
"Candida_parapsilosis","Fungi,Ascomycota,Saccharomycetes,Saccharomycetales,Debaryomycetaceae,Yamadazyma,[Candida]_vrieseae",3
"Candida_parapsilosis","Fungi,Ascomycota,Saccharomycetes,Saccharomycetales,Pichiaceae,Ogataea,[Candida]_succiphila",1
"Candida_parapsilosis","Fungi,Ascomycota,Dothideomycetes,Mycosphaerellales,Dissoconiaceae,Dissoconium,Dissoconium_proteae",1
"Candida_parapsilosis","Fungi,Ascomycota,Saccharomycetes,Saccharomycetales,Pichiaceae,Ogataea,[Candida]_pini",1
"Candida_parapsilosis","Fungi,Ascomycota,Dothideomycetes,Mycosphaerellales,Mycosphaerellaceae,Pseudocercospora,Pseudocercospora_sennae-multijugae",1
"Candida_parapsilosis","Fungi,Ascomycota,Leotiomycetes,Helotiales,Cenangiaceae,Cenangiopsis,Cenangiopsis_livida",1
"Candida_tropicalis","Fungi,Ascomycota,Saccharomycetes,Saccharomycetales,Debaryomycetaceae,Candida,Candida_tropicalis",318
"Candida_tropicalis","Fungi,Ascomycota,Saccharomycetes,Saccharomycetales,Pichiaceae,Ogataea,[Candida]_succiphila",2
"Candida_tropicalis","Fungi,Ascomycota,Dothideomycetes,Mycosphaerellales,Dissoconiaceae,Dissoconium,Dissoconium_proteae",3
"Candida_tropicalis","Fungi,Ascomycota,Saccharomycetes,Saccharomycetales,NA,Nakazawaea,Nakazawaea_wyomingensis",23
"Candida_tropicalis","Fungi,Ascomycota,Saccharomycetes,Saccharomycetales,NA,Nakazawaea,Nakazawaea_peltata",8
"Candida_tropicalis","Fungi,Ascomycota,Saccharomycetes,Saccharomycetales,Pichiaceae,Ogataea,[Candida]_methanosorbosa",20
"Candida_tropicalis","Fungi,Ascomycota,Dothideomycetes,Pleosporales,Pleosporaceae,Curvularia,Curvularia_beasleyi",2
"Candida_tropicalis","Fungi,Ascomycota,Saccharomycetes,Saccharomycetales,Debaryomycetaceae,Yamadazyma,[Candida]_vrieseae",3
"Candida_tropicalis","Fungi,Ascomycota,Saccharomycetes,Saccharomycetales,NA,Kuraishia,Kuraishia_molischiana",1
"Candida_tropicalis","Fungi,Ascomycota,Dothideomycetes,Trypetheliales,Trypetheliaceae,Astrothelium,Astrothelium_chulumanense",1
"Candida_zeylanoides","Fungi,Ascomycota,Saccharomycetes,Saccharomycetales,Debaryomycetaceae,Kurtzmaniella,[Candida]_zeylanoides",59
"Candida_zeylanoides","Fungi,Ascomycota,Saccharomycetes,Saccharomycetales,Metschnikowiaceae,NA,[Candida]_pseudoflosculorum",134
"Candida_zeylanoides","Fungi,Ascomycota,Saccharomycetes,Saccharomycetales,Metschnikowiaceae,NA,[Candida]_pseudointermedia",136
"Candida_zeylanoides","Fungi,Ascomycota,Saccharomycetes,Saccharomycetales,Trichomonascaceae,Wickerhamiella,Wickerhamiella_spandovensis",4
"Candida_zeylanoides","Fungi,Ascomycota,Eurotiomycetes,Eurotiales,Aspergillaceae,Aspergillus,Aspergillus_insolitus",33
"Candida_zeylanoides","Fungi,Ascomycota,Sordariomycetes,Hypocreales,Stachybotryaceae,Stachybotrys,Stachybotrys_limonispora",3
"Candida_zeylanoides","Fungi,Ascomycota,Saccharomycetes,Saccharomycetales,Debaryomycetaceae,Kurtzmaniella,[Candida]_anglica",1
"Candida_zeylanoides","Fungi,Ascomycota,Lecanoromycetes,Pertusariales,Megasporaceae,Lobothallia,Lobothallia_brachyloba",1
"Candida_zeylanoides","Fungi,Ascomycota,Saccharomycetes,Saccharomycetales,Dipodascaceae,Yarrowia,Yarrowia_yakushimensis",2
"Candida_zeylanoides","Fungi,Ascomycota,Eurotiomycetes,Eurotiales,Trichocomaceae,Rasamsonia,Rasamsonia_byssochlamydoides",1
"Candida_zeylanoides","Fungi,Ascomycota,Sordariomycetes,Hypocreales,Stachybotryaceae,Stachybotrys,Stachybotrys_subsylvatica",4
"Candida_zeylanoides","Fungi,Ascomycota,Sordariomycetes,Hypocreales,Nectriaceae,Paracremonium,Paracremonium_contagium",1
"Candida_zeylanoides","Fungi,Ascomycota,Sordariomycetes,Hypocreales,Ophiocordycipitaceae,Hyaloseta,Hyaloseta_nolinae",3
"Candida_zeylanoides","Fungi,Ascomycota,Sordariomycetes,NA,NA,Triadelphia,Triadelphia_heterospora",1
"Candida_zeylanoides","Fungi,Ascomycota,Saccharomycetes,Saccharomycetales,Pichiaceae,Ogataea,[Candida]_methanosorbosa",1
"Candida_zeylanoides","Fungi,Ascomycota,Pezizomycetes,Pezizales,Morchellaceae,Morchella,Morchella_australiana",1
"Candida_zeylanoides","Fungi,Ascomycota,Saccharomycetes,Saccharomycetales,Debaryomycetaceae,Suhomyces,Suhomyces_vadensis",1
"Candida_zeylanoides","Fungi,Ascomycota,Saccharomycetes,Saccharomycetales,Saccharomycetaceae,Kluyveromyces,Kluyveromyces_marxianus",1
"Candida_zeylanoides","Fungi,Ascomycota,Lecanoromycetes,Lecanorales,Lecanoraceae,Lecanora,Lecanora_lendemeri",1
"Cortinarius_globuliformis_CM4","Fungi,Basidiomycota,Agaricomycetes,Russulales,Lachnocladiaceae,Scytinostroma,Scytinostroma_alutum",16
"Cortinarius_globuliformis_CM4","Fungi,Basidiomycota,Agaricomycetes,Polyporales,Polyporaceae,Ganoderma,Ganoderma_wiiroense",91
"Cortinarius_globuliformis_CM4","Fungi,Basidiomycota,Agaricomycetes,Russulales,Russulaceae,Lactarius,Lactarius_horakii",77
"Cortinarius_globuliformis_CM4","Fungi,Basidiomycota,Agaricomycetes,Corticiales,Vuilleminiaceae,Vuilleminia,Vuilleminia_pseudocystidiata",12
"Cortinarius_globuliformis_CM4","Fungi,Basidiomycota,Agaricomycetes,Russulales,Lachnocladiaceae,Vararia,Vararia_breviphysa",22
"Cortinarius_globuliformis_CM4","Fungi,Basidiomycota,Agaricomycetes,Hymenochaetales,Schizoporaceae,Xylodon,Xylodon_ussuriensis",1
"Cortinarius_globuliformis_CM4","Fungi,Basidiomycota,Agaricomycetes,Agaricales,Cortinariaceae,Cortinarius,Cortinarius_subpulchrifolius",4
"Cortinarius_globuliformis_CM4","Fungi,Basidiomycota,Agaricomycetes,Agaricales,Cortinariaceae,Cortinarius,Cortinarius_rubricosus",1
"Cortinarius_globuliformis_CM4","Fungi,Basidiomycota,Agaricomycetes,Cantharellales,Hydnaceae,Clavulina,Clavulina_cinereoglebosa",2
"Cortinarius_globuliformis_CM4","Fungi,Basidiomycota,Agaricomycetes,Agaricales,Cortinariaceae,Cortinarius,Cortinarius_persplendidus",1
"Cortinarius_globuliformis_CM4","Fungi,Basidiomycota,Agaricomycetes,Agaricales,Cortinariaceae,Aureonarius,Aureonarius_collybianus",5
"Cortinarius_globuliformis_CM4","Fungi,Basidiomycota,Tremellomycetes,Trichosporonales,Trichosporonaceae,Apiotrichum,Apiotrichum_porosum",1
"Cortinarius_globuliformis_CM4","Fungi,Ascomycota,Eurotiomycetes,Eurotiales,Aspergillaceae,Aspergillus,Aspergillus_insolitus",1
"Cortinarius_globuliformis_CM4","Fungi,Basidiomycota,Agaricomycetes,Agaricales,Cortinariaceae,Cortinarius,Cortinarius_cruentoides",1
"Cryptococcus_gattii_VG_I","Fungi,Basidiomycota,Tremellomycetes,Tremellales,Cryptococcaceae,Cryptococcus,Cryptococcus_bacillisporus",307
"Cryptococcus_gattii_VG_I","Fungi,Basidiomycota,Agaricomycetes,Cantharellales,Hydnaceae,Hydnum,Hydnum_reginae",2
"Cryptococcus_gattii_VG_I","Fungi,Basidiomycota,Agaricomycetes,Geastrales,Geastraceae,Geastrum,Geastrum_caatingense",41
"Cryptococcus_gattii_VG_I","Fungi,Ascomycota,Saccharomycetes,Saccharomycetales,Debaryomycetaceae,Candida,Candida_africana",1
"Cryptococcus_gattii_VG_I","Fungi,Ascomycota,Dothideomycetes,Pleosporales,Pleosporaceae,Curvularia,Curvularia_beasleyi",1
"Cryptococcus_gattii_VG_I","Fungi,Chytridiomycota,Neocallimastigomycetes,Neocallimastigales,Neocallimastigaceae,Feramyces,Feramyces_austinii",1
"Cryptococcus_neoformans_VN_IIII","Fungi,Basidiomycota,Agaricomycetes,Geastrales,Geastraceae,Geastrum,Geastrum_caatingense",24
"Cryptococcus_neoformans_VN_IIII","Fungi,Basidiomycota,Tremellomycetes,Tremellales,Cryptococcaceae,Cryptococcus,Cryptococcus_bacillisporus",351
"Cryptococcus_neoformans_VN_IIII","Fungi,Basidiomycota,Agaricomycetes,Gomphales,Gomphaceae,Lentaria,Lentaria_variabilis",1
"Cryptococcus_neoformans_VN_IIII","Fungi,Chytridiomycota,Neocallimastigomycetes,Neocallimastigales,Neocallimastigaceae,Feramyces,Feramyces_austinii",4
"Cryptococcus_neoformans_VN_IIII","Fungi,Ascomycota,Saccharomycetes,Saccharomycetales,Debaryomycetaceae,Candida,Candida_africana",2
"Cryptococcus_neoformans_VN_IIII","Fungi,Basidiomycota,Agaricomycetes,Cantharellales,Hydnaceae,Hydnum,Hydnum_reginae",1
"Cryptococcus_neoformans_VN_IIII","Fungi,Basidiomycota,Agaricostilbomycetes,Agaricostilbales,Ruineniaceae,Ruinenia,Ruinenia_clavata",1
"Cryptovalsa_ampelina","Fungi,Ascomycota,Dothideomycetes,Pleosporales,Pleosporaceae,Curvularia,Curvularia_beasleyi",105
"Cryptovalsa_ampelina","Fungi,Ascomycota,Dothideomycetes,Mycosphaerellales,Mycosphaerellaceae,Pseudocercospora,Pseudocercospora_sennae-multijugae",104
"Cryptovalsa_ampelina","Fungi,Ascomycota,Dothideomycetes,Pleosporales,Pleosporaceae,Bipolaris,Bipolaris_simmondsii",95
"Cryptovalsa_ampelina","Fungi,Ascomycota,Leotiomycetes,NA,NA,Lauriomyces,Lauriomyces_bellulus",22
"Cryptovalsa_ampelina","Fungi,Ascomycota,Dothideomycetes,Mycosphaerellales,Teratosphaeriaceae,Salinomyces,Salinomyces_thailandica",15
"Cryptovalsa_ampelina","Fungi,Ascomycota,Dothideomycetes,Venturiales,Sympoventuriaceae,Verruconis,Verruconis_thailandica",9
"Cryptovalsa_ampelina","Fungi,Ascomycota,Sordariomycetes,Sordariales,Chaetomiaceae,Dichotomopilus,Dichotomopilus_subfunicola",6
"Cryptovalsa_ampelina","Fungi,Ascomycota,Dothideomycetes,Pleosporales,Pleosporaceae,Bipolaris,Bipolaris_woodii",1
"Cryptovalsa_ampelina","Fungi,Ascomycota,Sordariomycetes,Xylariales,Sporocadaceae,Seiridium,Seiridium_marginatum",8
"Cryptovalsa_ampelina","Fungi,Ascomycota,Sordariomycetes,Xylariales,NA,Subramaniomyces,Subramaniomyces_podocarpi",1
"Cryptovalsa_ampelina","Fungi,Ascomycota,Lecanoromycetes,Pertusariales,Megasporaceae,Lobothallia,Lobothallia_brachyloba",7
"Cryptovalsa_ampelina","Fungi,Ascomycota,Sordariomycetes,Xylariales,Diatrypaceae,Diatrypella,Diatrypella_betulicola",1
"Cryptovalsa_ampelina","Fungi,Ascomycota,Dothideomycetes,Botryosphaeriales,Botryosphaeriaceae,Mucoharknessia,Mucoharknessia_cortaderiae",1
"Cryptovalsa_ampelina","Fungi,Ascomycota,Sordariomycetes,Hypocreales,Nectriaceae,Thyronectria,Thyronectria_caudata",4
"Cryptovalsa_ampelina","Fungi,Ascomycota,Sordariomycetes,Xylariales,Xylariaceae,Lopadostoma,Lopadostoma_americanum",2
"Cryptovalsa_ampelina","Fungi,Ascomycota,Dothideomycetes,Mycosphaerellales,Mycosphaerellaceae,Mycodiella,Mycodiella_eucalypti",1
"Cryptovalsa_ampelina","Fungi,Ascomycota,Dothideomycetes,Pleosporales,Pleosporaceae,Bipolaris,Bipolaris_subramanianii",2
"Diaporthe_sp_CCL067","Fungi,Ascomycota,Dothideomycetes,Mycosphaerellales,Mycosphaerellaceae,Pseudocercospora,Pseudocercospora_sennae-multijugae",45
"Diaporthe_sp_CCL067","Fungi,Ascomycota,Sordariomycetes,Diaporthales,Gnomoniaceae,Gnomoniopsis,Gnomoniopsis_paraclavulata",215
"Diaporthe_sp_CCL067","Fungi,Ascomycota,Dothideomycetes,Pleosporales,Pleosporaceae,Bipolaris,Bipolaris_simmondsii",55
"Diaporthe_sp_CCL067","Fungi,Ascomycota,Lecanoromycetes,Ostropales,Stictidaceae,Cyanodermella,Cyanodermella_oleoligni",4
"Diaporthe_sp_CCL067","Fungi,Ascomycota,Dothideomycetes,Mycosphaerellales,Mycosphaerellaceae,Cercosporella,Cercosporella_dolichandrae",2
"Diaporthe_sp_CCL067","Fungi,Ascomycota,Dothideomycetes,Pleosporales,Pleosporaceae,Curvularia,Curvularia_beasleyi",37
"Diaporthe_sp_CCL067","Fungi,Ascomycota,Sordariomycetes,Hypocreales,Nectriaceae,Xenoacremonium,Xenoacremonium_falcatum",3
"Diaporthe_sp_CCL067","Fungi,Ascomycota,Sordariomycetes,Diaporthales,Gnomoniaceae,Gnomoniopsis,Gnomoniopsis_smithogilvyi",8
"Diaporthe_sp_CCL067","Fungi,Ascomycota,Eurotiomycetes,Eurotiales,Trichocomaceae,Talaromyces,Talaromyces_coalescens",1
"Diaporthe_sp_CCL067","Fungi,Ascomycota,Dothideomycetes,Venturiales,Sympoventuriaceae,Verruconis,Verruconis_thailandica",5
"Diaporthe_sp_CCL067","Fungi,Ascomycota,Sordariomycetes,Diaporthales,Stilbosporaceae,Stegonsporium,Stegonsporium_pseudopyriforme",1
"Diaporthe_sp_CCL067","Fungi,Ascomycota,Dothideomycetes,Mycosphaerellales,Mycosphaerellaceae,Zasmidium,Zasmidium_podocarpi",1
"Diaporthe_sp_CCL067","Fungi,Ascomycota,Dothideomycetes,Pleosporales,Pleosporaceae,Curvularia,Curvularia_americana",1
"Diaporthe_sp_CCL067","Fungi,Ascomycota,Dothideomycetes,Pleosporales,Pleosporaceae,Bipolaris,Bipolaris_woodii",1
"Diaporthe_sp_CCL067","Fungi,Ascomycota,Sordariomycetes,Diaporthales,Melanconidaceae,Melanconis,Melanconis_betulae",1
"Diaporthe_sp_CCL067","Fungi,Ascomycota,Sordariomycetes,Hypocreales,Nectriaceae,Paracremonium,Paracremonium_inflatum",1
"Diaporthe_sp_CCL067","Fungi,Ascomycota,Sordariomycetes,Diaporthales,Tubakiaceae,Tubakia,Tubakia_oblongispora",1
"Diaporthe_sp_CCL067","Fungi,Ascomycota,Dothideomycetes,Mycosphaerellales,Teratosphaeriaceae,Salinomyces,Salinomyces_thailandica",1
"Diaporthe_sp_CCL067","Fungi,Ascomycota,Saccharomycetes,Saccharomycetales,Debaryomycetaceae,Candida,Candida_orthopsilosis",1
"Diaporthe_sp_CCL067","Fungi,Basidiomycota,Tremellomycetes,Tremellales,Cryptococcaceae,Cryptococcus,Cryptococcus_bacillisporus",1
"Diaporthe_sp_CCL067","Fungi,Ascomycota,Lecanoromycetes,Pertusariales,Megasporaceae,Lobothallia,Lobothallia_brachyloba",1
"Diaporthe_sp_CCL067","Fungi,Ascomycota,Dothideomycetes,Pleosporales,Pleosporaceae,Bipolaris,Bipolaris_subramanianii",1
"Diplodia_seriata","Fungi,Ascomycota,Dothideomycetes,Botryosphaeriales,Botryosphaeriaceae,Diplodia,Diplodia_seriata",306
"Diplodia_seriata","Fungi,Ascomycota,Dothideomycetes,Capnodiales,Paradevriesiaceae,Paradevriesia,Paradevriesia_pseudoamericana",11
"Diplodia_seriata","Fungi,Ascomycota,Lecanoromycetes,Ostropales,Stictidaceae,Cyanodermella,Cyanodermella_oleoligni",2
"Diplodia_seriata","Fungi,Ascomycota,Dothideomycetes,Myriangiales,Elsinoaceae,Elsinoe,Elsinoe_eucalypticola",17
"Diplodia_seriata","Fungi,Ascomycota,Dothideomycetes,Botryosphaeriales,Botryosphaeriaceae,Diplodia,Diplodia_sapinea",3
"Diplodia_seriata","Fungi,Ascomycota,Dothideomycetes,Botryosphaeriales,Botryosphaeriaceae,Mucoharknessia,Mucoharknessia_cortaderiae",1
"Diplodia_seriata","Fungi,Ascomycota,Sordariomycetes,Pleurotheciales,Pleurotheciaceae,Phaeoisaria,Phaeoisaria_loranthacearum",9
"Diplodia_seriata","Fungi,Ascomycota,Eurotiomycetes,Eurotiales,Aspergillaceae,Penicillium,Penicillium_vanoranjei",4
"Diplodia_seriata","Fungi,Ascomycota,Saccharomycetes,Saccharomycetales,Debaryomycetaceae,Yamadazyma,[Candida]_vrieseae",1
"Diplodia_seriata","Fungi,Ascomycota,Dothideomycetes,Pleosporales,Pleosporaceae,Bipolaris,Bipolaris_simmondsii",4
"Diplodia_seriata","Fungi,Ascomycota,Lecanoromycetes,Pertusariales,Megasporaceae,Lobothallia,Lobothallia_brachyloba",7
"Diplodia_seriata","Fungi,Ascomycota,Dothideomycetes,Mycosphaerellales,Mycosphaerellaceae,Ramularia,Ramularia_stellenboschensis",5
"Diplodia_seriata","Fungi,Ascomycota,Dothideomycetes,Capnodiales,Capnodiaceae,Leptoxyphium,Leptoxyphium_madagascariense",1
"Diplodia_seriata","Fungi,Ascomycota,Dothideomycetes,Venturiales,Sympoventuriaceae,Verruconis,Verruconis_thailandica",6
"Diplodia_seriata","Fungi,Ascomycota,Dothideomycetes,Mycosphaerellales,Mycosphaerellaceae,Pseudocercospora,Pseudocercospora_sennae-multijugae",5
"Diplodia_seriata","Fungi,Ascomycota,Dothideomycetes,Venturiales,Cylindrosympodiaceae,Pseudoanungitea,Pseudoanungitea_syzygii",2
"Diplodia_seriata","Fungi,Ascomycota,Orbiliomycetes,Orbiliales,Orbiliaceae,Orbilia,Orbilia_fimbriata",1
"Diplodia_seriata","Fungi,Ascomycota,Dothideomycetes,Pleosporales,Pleosporaceae,Curvularia,Curvularia_beasleyi",1
"Diplodia_seriata","Fungi,Ascomycota,Dothideomycetes,Mycosphaerellales,Dissoconiaceae,Dissoconium,Dissoconium_proteae",1
"Diplodia_seriata","Fungi,Ascomycota,Dothideomycetes,Pleosporales,Pleosporaceae,Bipolaris,Bipolaris_woodii",1
"Diplodia_seriata","Fungi,Ascomycota,Sordariomycetes,Hypocreales,Nectriaceae,Xenoacremonium,Xenoacremonium_falcatum",1
"Entoleuca_sp_CCL052","Fungi,Ascomycota,Dothideomycetes,Venturiales,Sympoventuriaceae,Verruconis,Verruconis_thailandica",242
"Entoleuca_sp_CCL052","Fungi,Ascomycota,Sordariomycetes,Xylariales,Xylariaceae,Coniolariella,Coniolariella_hispanica",25
"Entoleuca_sp_CCL052","Fungi,Ascomycota,Dothideomycetes,Mycosphaerellales,Teratosphaeriaceae,Salinomyces,Salinomyces_thailandica",8
"Entoleuca_sp_CCL052","Fungi,Ascomycota,Sordariomycetes,Xylariales,NA,Anthostomelloides,Anthostomelloides_leucospermi",12
"Entoleuca_sp_CCL052","Fungi,Ascomycota,Sordariomycetes,Xylariales,Xylariaceae,Anthostomella,Anthostomella_pinea",34
"Entoleuca_sp_CCL052","Fungi,Ascomycota,Sordariomycetes,Xylariales,Microdochiaceae,Microdochium,Microdochium_salmonicolor",14
"Entoleuca_sp_CCL052","Fungi,Ascomycota,Lecanoromycetes,Pertusariales,Megasporaceae,Lobothallia,Lobothallia_brachyloba",8
"Entoleuca_sp_CCL052","Fungi,Ascomycota,Eurotiomycetes,Chaetothyriales,Trichomeriaceae,Incumbomyces,Incumbomyces_lentus",15
"Entoleuca_sp_CCL052","Fungi,Ascomycota,Dothideomycetes,Mycosphaerellales,Mycosphaerellaceae,Zasmidium,Zasmidium_podocarpi",1
"Entoleuca_sp_CCL052","Fungi,Ascomycota,Sordariomycetes,Togniniales,Togniniaceae,Phaeoacremonium,Phaeoacremonium_croatiense",7
"Entoleuca_sp_CCL052","Fungi,Ascomycota,Dothideomycetes,Mycosphaerellales,Mycosphaerellaceae,Pseudocercospora,Pseudocercospora_sennae-multijugae",5
"Entoleuca_sp_CCL052","Fungi,Ascomycota,Sordariomycetes,Xylariales,Xylariaceae,Albicollum,Albicollum_novomexicanum",1
"Entoleuca_sp_CCL052","Fungi,Ascomycota,Saccharomycetes,Saccharomycetales,Debaryomycetaceae,Candida,Candida_orthopsilosis",1
"Entoleuca_sp_CCL052","Fungi,Ascomycota,Saccharomycetes,Saccharomycetales,Debaryomycetaceae,Suhomyces,Suhomyces_vadensis",2
"Entoleuca_sp_CCL052","Fungi,Ascomycota,Saccharomycetes,Saccharomycetales,Debaryomycetaceae,Candida,Candida_dubliniensis",1
"Entoleuca_sp_CCL052","Fungi,Ascomycota,Sordariomycetes,Xylariales,NA,Anthostomelloides,Anthostomelloides_brabeji",1
"Entoleuca_sp_CCL052","Fungi,Ascomycota,Sordariomycetes,Hypocreales,Clavicipitaceae,Claviceps,Claviceps_langdonii",1
"Entoleuca_sp_CCL052","Fungi,Ascomycota,Sordariomycetes,Hypocreales,Clavicipitaceae,Claviceps,Claviceps_hypertheliae",1
"Entoleuca_sp_CCL052","Fungi,Ascomycota,Sordariomycetes,Hypocreales,Clavicipitaceae,Claviceps,Claviceps_bothriochloae",1
"Erysiphe_necator","Fungi,Ascomycota,Eurotiomycetes,Eurotiales,Trichocomaceae,Thermomyces,Thermomyces_dupontii",198
"Erysiphe_necator","Fungi,Ascomycota,Leotiomycetes,Erysiphales,Erysiphaceae,Erysiphe,Erysiphe_coryli-americanae",41
"Erysiphe_necator","Fungi,Ascomycota,Dothideomycetes,Venturiales,Sympoventuriaceae,Verruconis,Verruconis_thailandica",6
"Erysiphe_necator","Fungi,Ascomycota,Dothideomycetes,Pleosporales,Pleosporaceae,Alternaria,Alternaria_sorghi",7
"Erysiphe_necator","Fungi,Ascomycota,Leotiomycetes,Helotiales,Dermateaceae,Coleophoma,Coleophoma_eucalypticola",67
"Erysiphe_necator","Fungi,Ascomycota,Eurotiomycetes,Chaetothyriales,Herpotrichiellaceae,Exophiala,Exophiala_salmonis",2
"Erysiphe_necator","Fungi,Basidiomycota,Ustilaginomycetes,Ustilaginales,Ustilaginaceae,Sporisorium,Sporisorium_graminicola",1
"Erysiphe_necator","Fungi,Ascomycota,Leotiomycetes,Helotiales,Hyaloscyphaceae,Hyaloscypha,Hyaloscypha_variabilis",1
"Erysiphe_necator","Fungi,Ascomycota,Leotiomycetes,Erysiphales,Erysiphaceae,Erysiphe,Erysiphe_aucubae",2
"Erysiphe_necator","Fungi,Ascomycota,Leotiomycetes,NA,Pseudeurotiaceae,Pseudogymnoascus,Pseudogymnoascus_hyalinus",2
"Erysiphe_necator","Fungi,Ascomycota,Saccharomycetes,Saccharomycetales,Debaryomycetaceae,Candida,Candida_africana",1
"Erysiphe_necator","Fungi,Ascomycota,Leotiomycetes,Erysiphales,Erysiphaceae,Erysiphe,Erysiphe_deutziicola",6
"Erysiphe_necator","Fungi,Ascomycota,Leotiomycetes,NA,NA,Scytalidium,Scytalidium_album",1
"Erysiphe_necator","Fungi,Ascomycota,Leotiomycetes,Erysiphales,Erysiphaceae,Erysiphe,Erysiphe_linderae",2
"Erysiphe_necator","Fungi,Ascomycota,Leotiomycetes,Erysiphales,Erysiphaceae,Blumeria,Blumeria_americana",2
"Erysiphe_necator","Fungi,Ascomycota,Eurotiomycetes,Eurotiales,Aspergillaceae,Penicillium,Penicillium_fimorum",1
"Erysiphe_necator","Fungi,Ascomycota,Leotiomycetes,Erysiphales,Erysiphaceae,Erysiphe,Erysiphe_salicis",1
"Erysiphe_necator","Fungi,Ascomycota,Eurotiomycetes,Eurotiales,Aspergillaceae,Penicillium,Penicillium_olsonii",2
"Erysiphe_necator","Fungi,Ascomycota,Saccharomycetes,Saccharomycetales,Metschnikowiaceae,NA,[Candida]_pseudoflosculorum",1
"Erysiphe_necator","Fungi,Ascomycota,Dothideomycetes,Mycosphaerellales,Teratosphaeriaceae,Teratosphaeria,Teratosphaeria_agapanthi",1
"Erysiphe_necator","Fungi,Ascomycota,Leotiomycetes,Helotiales,Dermateaceae,Pezicula,Pezicula_californiae",1
"Eutypa_lata","Fungi,Ascomycota,Sordariomycetes,Xylariales,Diatrypaceae,Eutypa,Eutypa_camelliae",48
"Eutypa_lata","Fungi,Ascomycota,Dothideomycetes,Mycosphaerellales,Mycosphaerellaceae,Pseudocercospora,Pseudocercospora_sennae-multijugae",100
"Eutypa_lata","Fungi,Ascomycota,Dothideomycetes,Pleosporales,Pleosporaceae,Bipolaris,Bipolaris_simmondsii",87
"Eutypa_lata","Fungi,Ascomycota,Dothideomycetes,Mycosphaerellales,Teratosphaeriaceae,Salinomyces,Salinomyces_thailandica",13
"Eutypa_lata","Fungi,Ascomycota,Dothideomycetes,Pleosporales,Pleosporaceae,Curvularia,Curvularia_beasleyi",105
"Eutypa_lata","Fungi,Ascomycota,Dothideomycetes,Pleosporales,Pleosporaceae,Bipolaris,Bipolaris_subramanianii",3
"Eutypa_lata","Fungi,Ascomycota,Dothideomycetes,Venturiales,Sympoventuriaceae,Verruconis,Verruconis_thailandica",11
"Eutypa_lata","Fungi,Ascomycota,Lecanoromycetes,Ostropales,Stictidaceae,Cyanodermella,Cyanodermella_oleoligni",6
"Eutypa_lata","Fungi,Ascomycota,Sordariomycetes,Hypocreales,Nectriaceae,Paracremonium,Paracremonium_inflatum",2
"Eutypa_lata","Fungi,Ascomycota,Lecanoromycetes,Pertusariales,Megasporaceae,Lobothallia,Lobothallia_brachyloba",1
"Eutypa_lata","Fungi,Ascomycota,Eurotiomycetes,Eurotiales,Aspergillaceae,Penicillium,Penicillium_fimorum",1
"Eutypa_lata","Fungi,Ascomycota,Dothideomycetes,Pleosporales,Pleosporaceae,Bipolaris,Bipolaris_sivanesaniana",1
"Eutypa_lata","Fungi,Ascomycota,Dothideomycetes,Mycosphaerellales,Mycosphaerellaceae,Zasmidium,Zasmidium_podocarpi",1
"Fusarium_proliferatum","Fungi,Ascomycota,Dothideomycetes,Pleosporales,Pleosporaceae,Curvularia,Curvularia_beasleyi",70
"Fusarium_proliferatum","Fungi,Ascomycota,Sordariomycetes,Hypocreales,Nectriaceae,Fusarium,Fusarium_fujikuroi",90
"Fusarium_proliferatum","Fungi,Ascomycota,Dothideomycetes,Pleosporales,Pleosporaceae,Bipolaris,Bipolaris_simmondsii",73
"Fusarium_proliferatum","Fungi,Ascomycota,Dothideomycetes,Mycosphaerellales,Mycosphaerellaceae,Pseudocercospora,Pseudocercospora_sennae-multijugae",64
"Fusarium_proliferatum","Fungi,Ascomycota,Saccharomycetes,Saccharomycetales,Trichomonascaceae,Blastobotrys,Blastobotrys_adeninivorans",1
"Fusarium_proliferatum","Fungi,Ascomycota,Dothideomycetes,Pleosporales,Phaeosphaeriaceae,Setophoma,Setophoma_vernoniae",1
"Fusarium_proliferatum","Fungi,Ascomycota,Lecanoromycetes,Ostropales,Stictidaceae,Cyanodermella,Cyanodermella_oleoligni",8
"Fusarium_proliferatum","Fungi,Ascomycota,Sordariomycetes,Hypocreales,Nectriaceae,Fusarium,Fusarium_concentricum",12
"Fusarium_proliferatum","Fungi,Ascomycota,Dothideomycetes,Mycosphaerellales,Teratosphaeriaceae,Salinomyces,Salinomyces_thailandica",11
"Fusarium_proliferatum","Fungi,Ascomycota,Sordariomycetes,Hypocreales,Nectriaceae,Fusarium,Fusarium_annulatum",2
"Fusarium_proliferatum","Fungi,Ascomycota,Dothideomycetes,Venturiales,Sympoventuriaceae,Verruconis,Verruconis_thailandica",9
"Fusarium_proliferatum","Fungi,Ascomycota,Sordariomycetes,Hypocreales,Nectriaceae,Thyronectria,Thyronectria_caudata",4
"Fusarium_proliferatum","Fungi,Ascomycota,Sordariomycetes,Sordariales,Chaetomiaceae,Amesia,Amesia_dreyfussii",1
"Fusarium_proliferatum","Fungi,Ascomycota,Sordariomycetes,Hypocreales,Nectriaceae,Fusarium,Fusarium_hechiense",2
"Fusarium_proliferatum","Fungi,Ascomycota,Sordariomycetes,Hypocreales,Nectriaceae,Fusarium,Fusarium_elaeagni",6
"Fusarium_proliferatum","Fungi,Ascomycota,Sordariomycetes,Hypocreales,Nectriaceae,Fusarium,[Bisifusarium]_lovelliae",6
"Fusarium_proliferatum","Fungi,Ascomycota,Saccharomycetes,Saccharomycetales,Debaryomycetaceae,Kurtzmaniella,[Candida]_boleticola",1
"Fusarium_proliferatum","Fungi,Basidiomycota,Tremellomycetes,Tremellales,Bulleribasidiaceae,Derxomyces,Derxomyces_bambusicola",1
"Fusarium_proliferatum","Fungi,Ascomycota,Sordariomycetes,Hypocreales,Nectriaceae,Fusarium,Fusarium_phyllophilum",2
"Fusarium_proliferatum","Fungi,Ascomycota,Dothideomycetes,Pleosporales,Pleosporaceae,Bipolaris,Bipolaris_woodii",2
"Fusarium_proliferatum","Fungi,Ascomycota,Sordariomycetes,Xylariales,Microdochiaceae,Microdochium,Microdochium_salmonicolor",4
"Fusarium_proliferatum","Fungi,Ascomycota,Sordariomycetes,Hypocreales,Nectriaceae,Fusarium,Fusarium_hostae",1
"Fusarium_proliferatum","Fungi,Ascomycota,Dothideomycetes,Pleosporales,Pleosporaceae,Bipolaris,Bipolaris_sivanesaniana",1
"Fusarium_proliferatum","Fungi,Ascomycota,Saccharomycetes,Saccharomycetales,Dipodascaceae,Galactomyces,Galactomyces_pseudocandidus",1
"Fusarium_proliferatum","Fungi,Ascomycota,Dothideomycetes,Pleosporales,Pleosporaceae,Bipolaris,Bipolaris_subramanianii",1
"Fusarium_proliferatum","Fungi,Ascomycota,Dothideomycetes,Mycosphaerellales,Mycosphaerellaceae,Cercosporella,Cercosporella_dolichandrae",1
"Fusarium_proliferatum","Fungi,Ascomycota,Sordariomycetes,Hypocreales,Ophiocordycipitaceae,Hyaloseta,Hyaloseta_nolinae",1
"Fusarium_proliferatum","Fungi,Ascomycota,Sordariomycetes,Hypocreales,NA,Pseudoacremonium,Pseudoacremonium_sacchari",1
"Fusarium_proliferatum","Fungi,Ascomycota,Sordariomycetes,Sordariales,Chaetomiaceae,Dichotomopilus,Dichotomopilus_subfunicola",1
"Fusarium_proliferatum","Fungi,Ascomycota,Saccharomycetes,Saccharomycetales,Debaryomycetaceae,Suhomyces,Suhomyces_vadensis",1
"Fusarium_pseudograminearum","Fungi,Ascomycota,Dothideomycetes,Pleosporales,Pleosporaceae,Bipolaris,Bipolaris_simmondsii",98
"Fusarium_pseudograminearum","Fungi,Ascomycota,Dothideomycetes,Mycosphaerellales,Mycosphaerellaceae,Pseudocercospora,Pseudocercospora_sennae-multijugae",105
"Fusarium_pseudograminearum","Fungi,Ascomycota,Dothideomycetes,Pleosporales,Pleosporaceae,Curvularia,Curvularia_beasleyi",87
"Fusarium_pseudograminearum","Fungi,Ascomycota,Dothideomycetes,Venturiales,Sympoventuriaceae,Verruconis,Verruconis_thailandica",11
"Fusarium_pseudograminearum","Fungi,Ascomycota,Sordariomycetes,Hypocreales,Nectriaceae,Fusarium,Fusarium_pseudograminearum",39
"Fusarium_pseudograminearum","Fungi,Ascomycota,Dothideomycetes,Mycosphaerellales,Teratosphaeriaceae,Salinomyces,Salinomyces_thailandica",27
"Fusarium_pseudograminearum","Fungi,Ascomycota,Sordariomycetes,Sordariales,Chaetomiaceae,Amesia,Amesia_dreyfussii",5
"Fusarium_pseudograminearum","Fungi,Ascomycota,Saccharomycetes,Saccharomycetales,Debaryomycetaceae,Candida,Candida_tropicalis",1
"Fusarium_pseudograminearum","Fungi,Ascomycota,Saccharomycetes,Saccharomycetales,Trichomonascaceae,Blastobotrys,Blastobotrys_adeninivorans",1
"Fusarium_pseudograminearum","Fungi,Mucoromycota,Mucoromycetes,Mucorales,Mucoraceae,Mucor,Mucor_griseocyanus",4
"Fusarium_pseudograminearum","Fungi,Ascomycota,Sordariomycetes,Chaetosphaeriales,Chaetosphaeriaceae,Chaetosphaeria,Chaetosphaeria_ciliata",1
"Fusarium_pseudograminearum","Fungi,Ascomycota,Lecanoromycetes,Ostropales,Stictidaceae,Cyanodermella,Cyanodermella_oleoligni",1
"Fusarium_pseudograminearum","Fungi,Ascomycota,Sordariomycetes,Xylariales,Microdochiaceae,Microdochium,Microdochium_salmonicolor",2
"Fusarium_pseudograminearum","Fungi,Ascomycota,Eurotiomycetes,Eurotiales,Trichocomaceae,Thermomyces,Thermomyces_dupontii",1
"Fusarium_pseudograminearum","Fungi,Ascomycota,Dothideomycetes,Mycosphaerellales,Mycosphaerellaceae,Zasmidium,Zasmidium_podocarpi",1
"Fusarium_pseudograminearum","Fungi,Ascomycota,Sordariomycetes,Sordariales,Chaetomiaceae,Dichotomopilus,Dichotomopilus_subfunicola",1
"Fusarium_pseudograminearum","Fungi,Mucoromycota,Mucoromycetes,Mucorales,Mucoraceae,Mucor,Mucor_phayaoensis",1
"Geotrichum_candidum","Fungi,Ascomycota,Saccharomycetes,Saccharomycetales,Dipodascaceae,Magnusiomyces,Magnusiomyces_capitatus",357
"Geotrichum_candidum","Fungi,Ascomycota,Saccharomycetes,Saccharomycetales,Metschnikowiaceae,Metschnikowia,Metschnikowia_dekortorum",1
"Geotrichum_candidum","Fungi,Ascomycota,Eurotiomycetes,Chaetothyriales,Cyphellophoraceae,Cyphellophora,Cyphellophora_eucalypti",2
"Geotrichum_candidum","Fungi,Ascomycota,Dothideomycetes,Mycosphaerellales,Dissoconiaceae,Dissoconium,Dissoconium_proteae",6
"Geotrichum_candidum","Fungi,Basidiomycota,Agaricomycetes,Russulales,Russulaceae,Lactarius,Lactarius_horakii",1
"Geotrichum_candidum","Fungi,Ascomycota,Saccharomycetes,Saccharomycetales,Trichomonascaceae,Sugiyamaella,Sugiyamaella_ayubii",1
"Geotrichum_candidum","Fungi,Ascomycota,Saccharomycetes,Saccharomycetales,Debaryomycetaceae,Candida,Candida_orthopsilosis",1
"Geotrichum_candidum","Fungi,Ascomycota,Sordariomycetes,Xylariales,Sporocadaceae,Bartalinia,Bartalinia_robillardoides",3
"Geotrichum_candidum","Fungi,Ascomycota,Saccharomycetes,Saccharomycetales,Dipodascaceae,Yarrowia,Yarrowia_yakushimensis",2
"Geotrichum_candidum","Fungi,Ascomycota,Sordariomycetes,Pleurotheciales,Pleurotheciaceae,Phaeoisaria,Phaeoisaria_loranthacearum",1
"Geotrichum_candidum","Fungi,Ascomycota,Saccharomycetes,Saccharomycetales,Debaryomycetaceae,Millerozyma,Millerozyma_acaciae",1
"Geotrichum_candidum","Fungi,Ascomycota,Dothideomycetes,Pleosporales,Leptosphaeriaceae,Plenodomus,Plenodomus_lingam",1
"Kluyveromyces_lactis","Fungi,Ascomycota,Saccharomycetes,Saccharomycetales,Debaryomycetaceae,Candida,Candida_africana",360
"Kluyveromyces_lactis","Fungi,Ascomycota,Dothideomycetes,Pleosporales,Pleosporaceae,Curvularia,Curvularia_beasleyi",5
"Kluyveromyces_lactis","Fungi,Ascomycota,Dothideomycetes,Pleosporales,Pleosporaceae,Bipolaris,Bipolaris_simmondsii",4
"Kluyveromyces_lactis","Fungi,Ascomycota,Dothideomycetes,Mycosphaerellales,Mycosphaerellaceae,Pseudocercospora,Pseudocercospora_sennae-multijugae",5
"Kluyveromyces_lactis","Fungi,Ascomycota,Saccharomycetes,Saccharomycetales,Debaryomycetaceae,Candida,Candida_albicans",1
"Kluyveromyces_lactis","Fungi,Ascomycota,Eurotiomycetes,Eurotiales,Aspergillaceae,Aspergillus,Aspergillus_insolitus",1
"Kluyveromyces_lactis","Fungi,Ascomycota,Saccharomycetes,Saccharomycetales,Metschnikowiaceae,Metschnikowia,Metschnikowia_amazonensis",1
"Kluyveromyces_lactis","Fungi,Ascomycota,Leotiomycetes,Helotiales,Cenangiaceae,Cenangiopsis,Cenangiopsis_livida",1
"Kluyveromyces_marxianus","Fungi,Ascomycota,Eurotiomycetes,Eurotiales,Aspergillaceae,Aspergillus,Aspergillus_insolitus",126
"Kluyveromyces_marxianus","Fungi,Ascomycota,Saccharomycetes,Saccharomycetales,Saccharomycetaceae,Kluyveromyces,Kluyveromyces_marxianus",240
"Kluyveromyces_marxianus","Fungi,Ascomycota,Saccharomycetes,Saccharomycetales,Saccharomycetaceae,Kluyveromyces,Kluyveromyces_lactis",2
"Kluyveromyces_marxianus","Fungi,Ascomycota,Eurotiomycetes,Chaetothyriales,Herpotrichiellaceae,Exophiala,Exophiala_salmonis",2
"Kluyveromyces_marxianus","Fungi,Basidiomycota,Ustilaginomycetes,Urocystidales,Floromycetaceae,Antherospora,Antherospora_muscari-botryoidis",1
"Kluyveromyces_marxianus","Fungi,Ascomycota,Saccharomycetes,Saccharomycetales,Saccharomycetaceae,Monosporozyma,Monosporozyma_aquatica",1
"Kluyveromyces_marxianus","Fungi,Ascomycota,Saccharomycetes,Saccharomycetales,Saccharomycetaceae,Lachancea,Lachancea_nothofagi",10
"Kluyveromyces_marxianus","Fungi,Ascomycota,Saccharomycetes,Saccharomycetales,Saccharomycetaceae,Kluyveromyces,Kluyveromyces_starmeri",1
"Kluyveromyces_marxianus","Fungi,Ascomycota,Saccharomycetes,Saccharomycetales,Dipodascaceae,Magnusiomyces,Magnusiomyces_capitatus",1
"Kluyveromyces_marxianus","Fungi,Basidiomycota,Malasseziomycetes,Malasseziales,Malasseziaceae,Malassezia,Malassezia_vespertilionis",1
"Kluyveromyces_marxianus","Fungi,Ascomycota,Saccharomycetes,Saccharomycetales,Pichiaceae,Pichia,Pichia_manshurica",1
"Kodamaea_ohmeri","Fungi,Ascomycota,Saccharomycetes,Saccharomycetales,Debaryomycetaceae,Kodamaea,Kodamaea_ohmeri",75
"Kodamaea_ohmeri","Fungi,Ascomycota,Pezizomycetes,Pezizales,Morchellaceae,Morchella,Morchella_australiana",244
"Kodamaea_ohmeri","Fungi,Ascomycota,Saccharomycetes,Saccharomycetales,Pichiaceae,Martiniozyma,Martiniozyma_abietophila",10
"Kodamaea_ohmeri","Fungi,Ascomycota,Saccharomycetes,Saccharomycetales,Debaryomycetaceae,Suhomyces,Suhomyces_vadensis",14
"Kodamaea_ohmeri","Fungi,Ascomycota,Eurotiomycetes,Eurotiales,Aspergillaceae,Aspergillus,Aspergillus_insolitus",22
"Kodamaea_ohmeri","Fungi,Ascomycota,Saccharomycetes,Saccharomycetales,Debaryomycetaceae,Candida,Candida_orthopsilosis",1
"Kodamaea_ohmeri","Fungi,Ascomycota,Saccharomycetes,Saccharomycetales,Metschnikowiaceae,NA,[Candida]_pseudoflosculorum",5
"Kodamaea_ohmeri","Fungi,Ascomycota,Saccharomycetes,Saccharomycetales,Dipodascaceae,Yarrowia,Yarrowia_yakushimensis",14
"Leptosphaeria_maculans","Fungi,Ascomycota,Dothideomycetes,Pleosporales,Leptosphaeriaceae,Plenodomus,Plenodomus_lingam",368
"Leptosphaeria_maculans","Fungi,Ascomycota,Lecanoromycetes,Ostropales,Stictidaceae,Cyanodermella,Cyanodermella_oleoligni",3
"Leptosphaeria_maculans","Fungi,Ascomycota,Dothideomycetes,Pleosporales,Pleosporaceae,Curvularia,Curvularia_beasleyi",5
"Leptosphaeria_maculans","Fungi,Ascomycota,Dothideomycetes,Mycosphaerellales,Teratosphaeriaceae,Salinomyces,Salinomyces_thailandica",1
"Leptosphaeria_maculans","Fungi,Ascomycota,Dothideomycetes,Pleosporales,Dictyosporiaceae,Dictyosporium,Dictyosporium_strelitziae",1
"Leptosphaeria_maculans","Fungi,Ascomycota,Sordariomycetes,Hypocreales,Nectriaceae,Paracremonium,Paracremonium_contagium",1
"Leptosphaeria_maculans","Fungi,Ascomycota,Dothideomycetes,Mycosphaerellales,Mycosphaerellaceae,Pseudocercospora,Pseudocercospora_sennae-multijugae",9
"Leptosphaeria_maculans","Fungi,Ascomycota,Dothideomycetes,Pleosporales,Phaeosphaeriaceae,Phaeosphaeriopsis,Phaeosphaeriopsis_pseudoagavacearum",1
"Leptosphaeria_maculans","Fungi,Ascomycota,Dothideomycetes,Pleosporales,Dictyosporiaceae,Dendryphiella,Dendryphiella_eucalyptorum",1
"Leptosphaeria_maculans","Fungi,Ascomycota,Dothideomycetes,Cladosporiales,Cladosporiaceae,Rachicladosporium,Rachicladosporium_cboliae",2
"Leptosphaeria_maculans","Fungi,Ascomycota,Dothideomycetes,Pleosporales,Cucurbitariaceae,Neocucurbitaria,Neocucurbitaria_rhamnioides",1
"Penicillium_chrysogenum","Fungi,Ascomycota,Saccharomycetes,Saccharomycetales,Phaffomycetaceae,Phaffomyces,[Candida]_orba",56
"Penicillium_chrysogenum","Fungi,Ascomycota,Eurotiomycetes,Eurotiales,Aspergillaceae,Penicillium,Penicillium_fimorum",254
"Penicillium_chrysogenum","Fungi,Ascomycota,Eurotiomycetes,Eurotiales,Aspergillaceae,Penicillium,Penicillium_robsamsonii",33
"Penicillium_chrysogenum","Fungi,Ascomycota,Eurotiomycetes,Eurotiales,Aspergillaceae,Penicillium,Penicillium_rubens",8
"Penicillium_chrysogenum","Fungi,Ascomycota,Dothideomycetes,Myriangiales,Elsinoaceae,Elsinoe,Elsinoe_eucalypticola",1
"Penicillium_chrysogenum","Fungi,Ascomycota,Eurotiomycetes,Eurotiales,Aspergillaceae,Penicillium,Penicillium_speluncae",17
"Penicillium_chrysogenum","Fungi,Ascomycota,Saccharomycetes,Saccharomycetales,Lipomycetaceae,Lipomyces,Lipomyces_oligophaga",3
"Penicillium_chrysogenum","Fungi,Basidiomycota,Agaricomycetes,Gomphales,Gomphaceae,Lentaria,Lentaria_variabilis",1
"Penicillium_chrysogenum","Fungi,Ascomycota,Dothideomycetes,Cladosporiales,Cladosporiaceae,Melanodothis,Melanodothis_caricis",2
"Penicillium_chrysogenum","Fungi,Ascomycota,Eurotiomycetes,Eurotiales,Aspergillaceae,Penicillium,Penicillium_vanoranjei",3
"Penicillium_chrysogenum","Fungi,Ascomycota,Eurotiomycetes,Eurotiales,Aspergillaceae,Penicillium,Penicillium_fuscoglaucum",1
"Penicillium_chrysogenum","Fungi,Ascomycota,Saccharomycetes,Saccharomycetales,Metschnikowiaceae,NA,[Candida]_pseudoflosculorum",1
"Penicillium_chrysogenum","Fungi,Ascomycota,Saccharomycetes,Saccharomycetales,Pichiaceae,Ogataea,[Candida]_methanosorbosa",1
"Penicillium_chrysogenum","Fungi,Basidiomycota,Tremellomycetes,Tremellales,Cryptococcaceae,Cryptococcus,Cryptococcus_bacillisporus",1
"Pichia_kudriavzevii","Fungi,Ascomycota,Saccharomycetes,Saccharomycetales,Debaryomycetaceae,Yamadazyma,[Candida]_oceani",107
"Pichia_kudriavzevii","Fungi,Ascomycota,Saccharomycetes,Saccharomycetales,Debaryomycetaceae,Spathaspora,Spathaspora_boniae",87
"Pichia_kudriavzevii","Fungi,Ascomycota,Saccharomycetes,Saccharomycetales,Debaryomycetaceae,Candida,Candida_africana",87
"Pichia_kudriavzevii","Fungi,Ascomycota,Saccharomycetes,Saccharomycetales,Pichiaceae,Pichia,Pichia_kudriavzevii",103
"Pichia_kudriavzevii","Fungi,Ascomycota,Eurotiomycetes,Eurotiales,Aspergillaceae,Penicillium,Penicillium_fortuitum",1
"Pichia_kudriavzevii","Fungi,Ascomycota,Saccharomycetes,Saccharomycetales,Trichomonascaceae,Blastobotrys,Blastobotrys_adeninivorans",1
"Pichia_kudriavzevii","Fungi,Ascomycota,Eurotiomycetes,Eurotiales,Thermoascaceae,Thermoascus,Thermoascus_crustaceus",1
"Pichia_membranifaciens","Fungi,Ascomycota,Saccharomycetes,Saccharomycetales,Pichiaceae,Pichia,Pichia_membranifaciens",259
"Pichia_membranifaciens","Fungi,Ascomycota,Saccharomycetes,Saccharomycetales,Pichiaceae,Pichia,Pichia_manshurica",5
"Pichia_membranifaciens","Fungi,Ascomycota,Saccharomycetes,Saccharomycetales,Pichiaceae,Pichia,[Candida]_californica",1
"Pichia_membranifaciens","Fungi,Ascomycota,Eurotiomycetes,Eurotiales,Aspergillaceae,Aspergillus,Aspergillus_insolitus",2
"Pichia_membranifaciens","Fungi,Ascomycota,Lecanoromycetes,Pertusariales,Megasporaceae,Lobothallia,Lobothallia_brachyloba",4
"Pichia_membranifaciens","Fungi,Ascomycota,Dothideomycetes,Venturiales,Sympoventuriaceae,Verruconis,Verruconis_thailandica",6
"Pichia_membranifaciens","Fungi,Basidiomycota,Pucciniomycetes,Pucciniales,Pucciniaceae,Puccinia,Puccinia_setariae",1
"Pichia_membranifaciens","Fungi,Ascomycota,Eurotiomycetes,Eurotiales,Trichocomaceae,Thermomyces,Thermomyces_dupontii",4
"Pichia_membranifaciens","Fungi,Ascomycota,Leotiomycetes,Helotiales,Sclerotiniaceae,Botryotinia,Botryotinia_ranunculi",1
"Pichia_membranifaciens","Fungi,Ascomycota,Saccharomycetes,Saccharomycetales,Phaffomycetaceae,Phaffomyces,[Candida]_orba",1
"Pichia_membranifaciens","Fungi,Ascomycota,Saccharomycetes,Saccharomycetales,Debaryomycetaceae,Candida,Candida_dubliniensis",1
"Pichia_membranifaciens","Fungi,Ascomycota,Saccharomycetes,Saccharomycetales,Dipodascaceae,Magnusiomyces,Magnusiomyces_capitatus",1
"Pichia_membranifaciens","Fungi,Ascomycota,Saccharomycetes,Saccharomycetales,Pichiaceae,Pichia,Pichia_garciniae",1
"Pichia_membranifaciens","Fungi,Ascomycota,Saccharomycetes,Saccharomycetales,Debaryomycetaceae,Candida,Candida_parapsilosis",1
"Puccinia_graminis","Fungi,Basidiomycota,Ustilaginomycetes,Urocystidales,Floromycetaceae,Antherospora,Antherospora_muscari-botryoidis",60
"Puccinia_graminis","Fungi,Basidiomycota,Ustilaginomycetes,Urocystidales,Floromycetaceae,Antherospora,Antherospora_hortensis",50
"Puccinia_graminis","Fungi,Basidiomycota,Ustilaginomycetes,Urocystidales,Floromycetaceae,Antherospora,Antherospora_tractemae",47
"Puccinia_graminis","Fungi,Basidiomycota,Ustilaginomycetes,Urocystidales,Floromycetaceae,Antherospora,Antherospora_vindobonensis",59
"Puccinia_graminis","Fungi,Basidiomycota,Pucciniomycetes,Pucciniales,Pucciniaceae,Puccinia,Puccinia_xinyuanensis",72
"Puccinia_graminis","Fungi,Basidiomycota,Pucciniomycetes,Pucciniales,Pucciniaceae,Puccinia,Puccinia_chunjiei",18
"Puccinia_graminis","Fungi,Basidiomycota,Malasseziomycetes,Malasseziales,Malasseziaceae,Malassezia,Malassezia_vespertilionis",57
"Puccinia_graminis","Fungi,Basidiomycota,Ustilaginomycetes,Urocystidales,Glomosporiaceae,Thecaphora,Thecaphora_australiensis",6
"Puccinia_graminis","Fungi,Basidiomycota,Ustilaginomycetes,Violaceomycetales,Violaceomycetaceae,Violaceomyces,Violaceomyces_palustris",3
"Puccinia_graminis","Fungi,Basidiomycota,Agaricomycetes,Cantharellales,Hydnaceae,Clavulina,Clavulina_cinereoglebosa",2
"Puccinia_graminis","Fungi,Ascomycota,Dothideomycetes,Venturiales,Sympoventuriaceae,Verruconis,Verruconis_thailandica",1
"Puccinia_graminis","Fungi,Basidiomycota,Agaricomycetes,Gomphales,Gomphaceae,Lentaria,Lentaria_variabilis",3
"Puccinia_graminis","Fungi,Basidiomycota,NA,Quasiramulariales,Quasiramulariaceae,Quasiramularia,Quasiramularia_phakopsoricola",2
"Puccinia_graminis","Fungi,Basidiomycota,Agaricomycetes,Corticiales,Corticiaceae,Bryoclavula,Bryoclavula_phycophila",2
"Puccinia_graminis","Fungi,Ascomycota,Dothideomycetes,Cladosporiales,Cladosporiaceae,Cladosporium,Cladosporium_aciculare",1
"Puccinia_graminis","Fungi,Chytridiomycota,Chytridiomycetes,Gromochytriales,Gromochytriaceae,Gromochytrium,Gromochytrium_mamkaevae",2
"Puccinia_graminis","Fungi,Basidiomycota,Agaricomycetes,Cantharellales,Hydnaceae,Clavulina,Clavulina_monodiminutiva",1
"Puccinia_graminis","Fungi,Basidiomycota,Ustilaginomycetes,Ustilaginales,Ustilaginaceae,Kalmanozyma,Kalmanozyma_brasiliensis",1
"Puccinia_graminis","Fungi,Ascomycota,Dothideomycetes,Cladosporiales,Cladosporiaceae,Cladosporium,Cladosporium_montecillanum",1
"Puccinia_graminis","Fungi,Basidiomycota,Pucciniomycetes,Pucciniales,Pucciniaceae,Puccinia,Puccinia_pileiformis",1
"Puccinia_graminis","Fungi,Basidiomycota,Agaricomycetes,Agaricales,Marasmiaceae,Marasmius,Marasmius_neotrichotus",1
"Puccinia_striiformis_var_tritici","Fungi,Basidiomycota,Pucciniomycetes,Pucciniales,Pucciniaceae,Puccinia,Puccinia_aizazii",312
"Puccinia_striiformis_var_tritici","Fungi,Basidiomycota,Agaricomycetes,Gomphales,Gomphaceae,Lentaria,Lentaria_variabilis",60
"Puccinia_striiformis_var_tritici","Fungi,Basidiomycota,Agaricomycetes,Geastrales,Geastraceae,Geastrum,Geastrum_lanuginosum",5
"Puccinia_striiformis_var_tritici","Fungi,Basidiomycota,Pucciniomycetes,Pucciniales,Pucciniaceae,Puccinia,Puccinia_xinyuanensis",3
"Puccinia_striiformis_var_tritici","Fungi,Basidiomycota,Tremellomycetes,Tremellales,Cryptococcaceae,Cryptococcus,Cryptococcus_bacillisporus",1
"Puccinia_striiformis_var_tritici","Fungi,Ascomycota,Dothideomycetes,Venturiales,Sympoventuriaceae,Verruconis,Verruconis_thailandica",1
"Puccinia_striiformis_var_tritici","Fungi,Ascomycota,Saccharomycetes,Saccharomycetales,Pichiaceae,Ogataea,[Candida]_methanosorbosa",1
"Puccinia_striiformis_var_tritici","Fungi,Basidiomycota,Wallemiomycetes,Wallemiales,Wallemiaceae,Wallemia,Wallemia_hederae",1
"Puccinia_striiformis_var_tritici","Fungi,Basidiomycota,Pucciniomycetes,Pucciniales,Milesinaceae,Milesina,Milesina_woodwardiana",1
"Puccinia_striiformis_var_tritici","Fungi,Basidiomycota,Pucciniomycetes,Pucciniales,Pucciniaceae,Puccinia,Puccinia_oncospora",1
"Puccinia_striiformis_var_tritici","Fungi,Basidiomycota,Agaricomycetes,Cantharellales,Hydnaceae,Clavulina,Clavulina_monodiminutiva",1
"Puccinia_triticina","Fungi,Basidiomycota,Agaricomycetes,Gomphales,Gomphaceae,Lentaria,Lentaria_variabilis",73
"Puccinia_triticina","Fungi,Basidiomycota,Agaricomycetes,Cantharellales,Hydnaceae,Clavulina,Clavulina_monodiminutiva",68
"Puccinia_triticina","Fungi,Basidiomycota,Pucciniomycetes,Pucciniales,Pucciniaceae,Puccinia,Puccinia_oncospora",86
"Puccinia_triticina","Fungi,Basidiomycota,Agaricomycetes,Corticiales,Corticiaceae,Bryoclavula,Bryoclavula_phycophila",58
"Puccinia_triticina","Fungi,Basidiomycota,Agaricomycetes,Cantharellales,Hydnaceae,Clavulina,Clavulina_cinereoglebosa",69
"Puccinia_triticina","Fungi,Basidiomycota,Pucciniomycetes,Pucciniales,Pucciniaceae,Puccinia,Puccinia_xinyuanensis",6
"Puccinia_triticina","Fungi,Basidiomycota,Agaricomycetes,Polyporales,Polyporaceae,Polyporus,Polyporus_brevibasidiosus",1
"Puccinia_triticina","Fungi,Basidiomycota,Agaricomycetes,Cantharellales,Hydnaceae,Clavulina,Clavulina_pakaraimensis",3
"Puccinia_triticina","Fungi,Basidiomycota,Agaricomycetes,Corticiales,Corticiaceae,Sistotrema,Sistotrema_luteoviride",4
"Puccinia_triticina","Fungi,Basidiomycota,Agaricomycetes,Cantharellales,Hydnaceae,Hydnum,Hydnum_tottoriense",1
"Puccinia_triticina","Fungi,Ascomycota,Dothideomycetes,Cladosporiales,Cladosporiaceae,Neocladosporium,Neocladosporium_leucadendri",1
"Puccinia_triticina","Fungi,Basidiomycota,Agaricomycetes,Agaricales,Marasmiaceae,Marasmius,Marasmius_neocrinis-equi",1
"Puccinia_triticina","Fungi,Basidiomycota,Agaricomycetes,Agaricales,Omphalotaceae,Gymnopus,Gymnopus_macrosporus",1
"Puccinia_triticina","Fungi,Basidiomycota,Agaricomycetes,Agaricales,Marasmiaceae,Marasmius,Marasmius_neotrichotus",1
"Puccinia_triticina","Fungi,Basidiomycota,Agaricomycetes,Cantharellales,Hydnaceae,Hydnum,Hydnum_alboluteum",3
"Puccinia_triticina","Fungi,Ascomycota,Saccharomycetes,Saccharomycetales,Metschnikowiaceae,NA,[Candida]_pseudointermedia",1
"Puccinia_triticina","Fungi,Ascomycota,Saccharomycetes,Saccharomycetales,Debaryomycetaceae,Candida,Candida_dubliniensis",1
"Puccinia_triticina","Fungi,Basidiomycota,Agaricomycetes,Cantharellales,Hydnaceae,Hydnum,Hydnum_slovenicum",2
"Puccinia_triticina","Fungi,Basidiomycota,Agaricomycetes,Cantharellales,Hydnaceae,Hydnum,Hydnum_repando-orientale",3
"Pyrenophora_tritici-repentis","Fungi,Ascomycota,Dothideomycetes,Mycosphaerellales,Mycosphaerellaceae,Clypeosphaerella,Clypeosphaerella_quasiparkii",29
"Pyrenophora_tritici-repentis","Fungi,Ascomycota,Dothideomycetes,Mycosphaerellales,Mycosphaerellaceae,Ramularia,Ramularia_stellenboschensis",57
"Pyrenophora_tritici-repentis","Fungi,Ascomycota,Dothideomycetes,Pleosporales,Pleosporaceae,Pyrenophora,Pyrenophora_cynosuri",12
"Pyrenophora_tritici-repentis","Fungi,Ascomycota,Sordariomycetes,Hypocreales,Ophiocordycipitaceae,Hyaloseta,Hyaloseta_nolinae",57
"Pyrenophora_tritici-repentis","Fungi,Ascomycota,Dothideomycetes,Mycosphaerellales,Mycosphaerellaceae,Pseudocercospora,Pseudocercospora_sennae-multijugae",37
"Pyrenophora_tritici-repentis","Fungi,Ascomycota,Dothideomycetes,Mycosphaerellales,Teratosphaeriaceae,Parateratosphaeria,Parateratosphaeria_persoonii",2
"Pyrenophora_tritici-repentis","Fungi,Ascomycota,Dothideomycetes,Mycosphaerellales,Mycosphaerellaceae,Cercospora,Cercospora_corchori",36
"Pyrenophora_tritici-repentis","Fungi,Ascomycota,Dothideomycetes,Mycosphaerellales,Teratosphaeriaceae,Salinomyces,Salinomyces_thailandica",6
"Pyrenophora_tritici-repentis","Fungi,Ascomycota,Dothideomycetes,Mycosphaerellales,Mycosphaerellaceae,Virosphaerella,Virosphaerella_pseudomarksii",1
"Pyrenophora_tritici-repentis","Fungi,Ascomycota,Sordariomycetes,Hypocreales,Hypocreaceae,Sepedonium,Sepedonium_laevigatum",2
"Pyrenophora_tritici-repentis","Fungi,Ascomycota,Dothideomycetes,Pleosporales,Pleosporaceae,Pyrenophora,Pyrenophora_novozelandica",29
"Pyrenophora_tritici-repentis","Fungi,Ascomycota,Sordariomycetes,Hypocreales,Hypocreaceae,Sepedonium,Sepedonium_ampullosporum",4
"Pyrenophora_tritici-repentis","Fungi,Ascomycota,Dothideomycetes,Venturiales,Sympoventuriaceae,Verruconis,Verruconis_thailandica",18
"Pyrenophora_tritici-repentis","Fungi,Ascomycota,Saccharomycetes,Saccharomycetales,Metschnikowiaceae,NA,[Candida]_pseudointermedia",1
"Pyrenophora_tritici-repentis","Fungi,Ascomycota,Dothideomycetes,Mycosphaerellales,Mycosphaerellaceae,Ramularia,Ramularia_lamii_var._lamii",1
"Pyrenophora_tritici-repentis","Fungi,Ascomycota,Dothideomycetes,Pleosporales,Phaeosphaeriaceae,Paraphoma,Paraphoma_aquatica",1
"Pyrenophora_tritici-repentis","Fungi,Ascomycota,Dothideomycetes,Mycosphaerellales,Mycosphaerellaceae,Teratoramularia,Teratoramularia_infinita",1
"Pyrenophora_tritici-repentis","Fungi,Ascomycota,Dothideomycetes,Mycosphaerellales,Mycosphaerellaceae,Virosphaerella,Virosphaerella_irregularis",4
"Pyrenophora_tritici-repentis","Fungi,Ascomycota,Lecanoromycetes,Ostropales,Stictidaceae,Cyanodermella,Cyanodermella_oleoligni",10
"Pyrenophora_tritici-repentis","Fungi,Ascomycota,Dothideomycetes,Pleosporales,Pleosporaceae,Bipolaris,Bipolaris_simmondsii",1
"Pyrenophora_tritici-repentis","Fungi,Ascomycota,Sordariomycetes,Microascales,Microascaceae,Enterocarpus,Enterocarpus_grenotii",1
"Pyrenophora_tritici-repentis","Fungi,Ascomycota,Dothideomycetes,Pleosporales,Pleosporaceae,Curvularia,Curvularia_beasleyi",7
"Pyrenophora_tritici-repentis","Fungi,Ascomycota,Dothideomycetes,Mycosphaerellales,Mycosphaerellaceae,Annellosympodiella,Annellosympodiella_juniperi",1
"Pyrenophora_tritici-repentis","Fungi,Ascomycota,Dothideomycetes,Pleosporales,Didymosphaeriaceae,Deniquelata,Deniquelata_macphersoniae",9
"Pyrenophora_tritici-repentis","Fungi,Ascomycota,Saccharomycetes,Saccharomycetales,Debaryomycetaceae,Candida,Candida_dubliniensis",1
"Pyrenophora_tritici-repentis","Fungi,Ascomycota,Dothideomycetes,Mycosphaerellales,Mycosphaerellaceae,Pseudocercosporella,Pseudocercosporella_bakeri",1
"Pyrenophora_tritici-repentis","Fungi,Ascomycota,Eurotiomycetes,Eurotiales,Trichocomaceae,Talaromyces,Talaromyces_coalescens",1
"Pyrenophora_tritici-repentis","Fungi,Ascomycota,Dothideomycetes,Mycosphaerellales,Mycosphaerellaceae,Ramularia,Ramularia_vizellae",1
"Pyrenophora_tritici-repentis","Fungi,Ascomycota,Dothideomycetes,Pleosporales,Dictyosporiaceae,Dendryphiella,Dendryphiella_eucalyptorum",1
"Pyrenophora_tritici-repentis","Fungi,Ascomycota,Leotiomycetes,Helotiales,Dermateaceae,Pezicula,Pezicula_californiae",1
"Pyrenophora_tritici-repentis","Fungi,Ascomycota,Sordariomycetes,Hypocreales,Nectriaceae,Cosmospora,Cosmospora_arxii",1
"Pyrenophora_tritici-repentis","Fungi,Ascomycota,Dothideomycetes,Pleosporales,Pleosporaceae,Alternaria,Alternaria_pipionipisi",1
"Quambalaria_cyanescens_CCL055","Fungi,Basidiomycota,Agaricomycetes,Cantharellales,Hydnaceae,Hydnum,Hydnum_reginae",59
"Quambalaria_cyanescens_CCL055","Fungi,Basidiomycota,Agaricomycetes,Gomphales,Gomphaceae,Lentaria,Lentaria_variabilis",93
"Quambalaria_cyanescens_CCL055","Fungi,Basidiomycota,Exobasidiomycetes,Microstromatales,Quambalariaceae,Quambalaria,Quambalaria_cyanescens",8
"Quambalaria_cyanescens_CCL055","Fungi,Mucoromycota,Glomeromycetes,Diversisporales,Diversisporaceae,Diversispora,Diversispora_aurantia",1
"Quambalaria_cyanescens_CCL055","Fungi,Chytridiomycota,Neocallimastigomycetes,Neocallimastigales,Neocallimastigaceae,Feramyces,Feramyces_austinii",94
"Quambalaria_cyanescens_CCL055","Fungi,Basidiomycota,Exobasidiomycetes,Microstromatales,Quambalariaceae,Quambalaria,Quambalaria_simpsonii",83
"Quambalaria_cyanescens_CCL055","Fungi,Basidiomycota,Agaricomycetes,Geastrales,Geastraceae,Geastrum,Geastrum_caatingense",15
"Quambalaria_cyanescens_CCL055","Fungi,Basidiomycota,Agaricomycetes,Thelephorales,Thelephoraceae,Tomentella,Tomentella_longiechinula",1
"Quambalaria_cyanescens_CCL055","Fungi,Ascomycota,Sordariomycetes,Diaporthales,Gnomoniaceae,Gnomoniopsis,Gnomoniopsis_paraclavulata",1
"Quambalaria_cyanescens_CCL055","Fungi,Basidiomycota,Agaricomycetes,Trechisporales,NA,Sistotremastrum,Sistotremastrum_vigilans",1
"Quambalaria_cyanescens_CCL055","Fungi,Basidiomycota,Pucciniomycetes,Pucciniales,Milesinaceae,Milesina,Milesina_woodwardiana",2
"Quambalaria_cyanescens_CCL055","Fungi,Basidiomycota,Agaricomycetes,Gomphales,Gomphaceae,Clavariadelphus,Clavariadelphus_griseoglaucus",1
"Quambalaria_cyanescens_CCL055","Fungi,Basidiomycota,Agaricomycetes,Geastrales,Geastraceae,Geastrum,Geastrum_lanuginosum",1
"Rhodotorula_mucilaginosa","Fungi,Basidiomycota,Microbotryomycetes,Sporidiobolales,Sporidiobolaceae,Rhodotorula,Rhodotorula_mucilaginosa",235
"Rhodotorula_mucilaginosa","Fungi,Basidiomycota,Microbotryomycetes,Sporidiobolales,Sporidiobolaceae,Rhodotorula,Rhodotorula_alborubescens",5
"Rhodotorula_mucilaginosa","Fungi,Basidiomycota,Microbotryomycetes,Sporidiobolales,Sporidiobolaceae,Rhodotorula,Rhodotorula_mackellarae",7
"Rhodotorula_mucilaginosa","Fungi,Basidiomycota,Agaricomycetes,Agaricales,Pluteaceae,Volvariella,Volvariella_ptilotricha",17
"Rhodotorula_mucilaginosa","Fungi,Basidiomycota,Tremellomycetes,Tremellales,Bulleribasidiaceae,Hannaella,Hannaella_pagnoccae",10
"Rhodotorula_mucilaginosa","Fungi,Basidiomycota,Agaricomycetes,Cantharellales,Hydnaceae,Hydnum,Hydnum_reginae",23
"Rhodotorula_mucilaginosa","Fungi,Basidiomycota,Tremellomycetes,Tremellales,Bulleribasidiaceae,Derxomyces,Derxomyces_cylindricus",7
"Rhodotorula_mucilaginosa","Fungi,Basidiomycota,Agaricomycetes,Agaricales,Inocybaceae,Inocybe,Inocybe_diabolica",1
"Rhodotorula_mucilaginosa","Fungi,Ascomycota,Dothideomycetes,Mycosphaerellales,Mycosphaerellaceae,Pseudocercospora,Pseudocercospora_sennae-multijugae",1
"Rhodotorula_mucilaginosa","Fungi,Basidiomycota,Agaricomycetes,Boletales,Boletaceae,Butyriboletus,Butyriboletus_roseogriseus",15
"Rhodotorula_mucilaginosa","Fungi,Basidiomycota,Agaricomycetes,Gomphales,Gomphaceae,Lentaria,Lentaria_variabilis",18
"Rhodotorula_mucilaginosa","Fungi,Basidiomycota,Tremellomycetes,Tremellales,Bulleribasidiaceae,Hannaella,Hannaella_surugaensis",6
"Rhodotorula_mucilaginosa","Fungi,Basidiomycota,Tremellomycetes,Tremellales,Bulleribasidiaceae,Derxomyces,Derxomyces_bambusicola",10
"Rhodotorula_mucilaginosa","Fungi,Basidiomycota,Microbotryomycetes,Sporidiobolales,Sporidiobolaceae,Rhodosporidiobolus,Rhodosporidiobolus_azoricus",2
"Rhodotorula_mucilaginosa","Fungi,Basidiomycota,Tremellomycetes,Tremellales,Bulleribasidiaceae,Derxomyces,Derxomyces_linzhiensis",6
"Rhodotorula_mucilaginosa","Fungi,Ascomycota,Saccharomycetes,Saccharomycetales,Trichomonascaceae,Blastobotrys,Blastobotrys_adeninivorans",1
"Rhodotorula_mucilaginosa","Fungi,Basidiomycota,Agaricomycetes,Agaricales,Omphalotaceae,Gymnopus,Gymnopus_subdensilamellatus",5
"Rhodotorula_mucilaginosa","Fungi,Basidiomycota,Microbotryomycetes,Sporidiobolales,Sporidiobolaceae,Sporobolomyces,Sporobolomyces_japonicus",7
"Rhodotorula_mucilaginosa","Fungi,Basidiomycota,Agaricomycetes,Agaricales,Inocybaceae,Inocybe,Inocybe_leiocephala",1
"Rhodotorula_mucilaginosa","Fungi,Basidiomycota,Agaricomycetes,Thelephorales,Thelephoraceae,Tomentella,Tomentella_longiechinula",2
"Rhodotorula_mucilaginosa","Fungi,Basidiomycota,Pucciniomycetes,Pucciniales,Milesinaceae,Milesina,Milesina_woodwardiana",1
"Rhodotorula_mucilaginosa","Fungi,Basidiomycota,Agaricomycetes,Thelephorales,Thelephoraceae,Tomentella,Tomentella_exiguelata",1
"Rhodotorula_mucilaginosa","Fungi,Ascomycota,Eurotiomycetes,Eurotiales,Aspergillaceae,Aspergillus,Aspergillus_insolitus",1
"Scedosporium_aurantiacum","Fungi,Ascomycota,Sordariomycetes,NA,NA,Triadelphia,Triadelphia_pulvinata",131
"Scedosporium_aurantiacum","Fungi,Ascomycota,Sordariomycetes,Microascales,Microascaceae,Scedosporium,Scedosporium_aurantiacum",117
"Scedosporium_aurantiacum","Fungi,Ascomycota,Sordariomycetes,NA,NA,Triadelphia,Triadelphia_heterospora",91
"Scedosporium_aurantiacum","Fungi,Ascomycota,Lecanoromycetes,Lecanorales,Lecanoraceae,Lecanora,Lecanora_lendemeri",1
"Scedosporium_aurantiacum","Fungi,Ascomycota,Sordariomycetes,Hypocreales,Nectriaceae,Thyronectria,Thyronectria_caudata",8
"Scedosporium_aurantiacum","Fungi,Ascomycota,Dothideomycetes,Mycosphaerellales,Mycosphaerellaceae,Pseudocercospora,Pseudocercospora_sennae-multijugae",2
"Scedosporium_aurantiacum","Fungi,Ascomycota,Dothideomycetes,Pleosporales,Pleosporaceae,Bipolaris,Bipolaris_simmondsii",3
"Scedosporium_aurantiacum","Fungi,Ascomycota,Dothideomycetes,Pleosporales,Pleosporaceae,Curvularia,Curvularia_beasleyi",2
"Scedosporium_aurantiacum","Fungi,Ascomycota,Sordariomycetes,Microascales,Microascaceae,Cephalotrichum,Cephalotrichum_dendrocephalum",3
"Scedosporium_aurantiacum","Fungi,Ascomycota,Saccharomycetes,Saccharomycetales,Metschnikowiaceae,NA,[Candida]_pseudoflosculorum",1
"Scedosporium_aurantiacum","Fungi,Ascomycota,Saccharomycetes,Saccharomycetales,Dipodascaceae,Dipodascus,Dipodascus_fermentans",1
"Scedosporium_aurantiacum","Fungi,Ascomycota,Sordariomycetes,Hypocreales,Stachybotryaceae,Stachybotrys,Stachybotrys_limonispora",1
"Scedosporium_aurantiacum","Fungi,Ascomycota,Dothideomycetes,Venturiales,Sympoventuriaceae,Verruconis,Verruconis_thailandica",1
"Scedosporium_aurantiacum","Fungi,Ascomycota,Eurotiomycetes,Eurotiales,Trichocomaceae,Talaromyces,Talaromyces_coalescens",2
"Scedosporium_aurantiacum","Fungi,Ascomycota,Sordariomycetes,Microascales,Microascaceae,Pseudallescheria,Pseudallescheria_angusta",1
"Scedosporium_aurantiacum","Fungi,Ascomycota,Eurotiomycetes,Eurotiales,Aspergillaceae,Penicillium,Penicillium_fortuitum",1
"Scedosporium_aurantiacum","Fungi,Ascomycota,Saccharomycetes,Saccharomycetales,Pichiaceae,Martiniozyma,Martiniozyma_abietophila",1
"Scedosporium_aurantiacum","Fungi,Ascomycota,Dothideomycetes,Pleosporales,Pleosporaceae,Bipolaris,Bipolaris_woodii",1
"Scedosporium_boydii","Fungi,Ascomycota,Sordariomycetes,Microascales,Microascaceae,Pseudallescheria,Pseudallescheria_ellipsoidea",306
"Scedosporium_boydii","Fungi,Ascomycota,Sordariomycetes,Hypocreales,Ophiocordycipitaceae,Hyaloseta,Hyaloseta_nolinae",10
"Scedosporium_boydii","Fungi,Ascomycota,Lecanoromycetes,Pertusariales,Megasporaceae,Lobothallia,Lobothallia_brachyloba",1
"Scedosporium_boydii","Fungi,Ascomycota,Dothideomycetes,Pleosporales,Pleosporaceae,Bipolaris,Bipolaris_simmondsii",12
"Scedosporium_boydii","Fungi,Ascomycota,Lecanoromycetes,Lecanorales,Lecanoraceae,Lecanora,Lecanora_lendemeri",4
"Scedosporium_boydii","Fungi,Ascomycota,Sordariomycetes,Hypocreales,Nectriaceae,Thyronectria,Thyronectria_caudata",19
"Scedosporium_boydii","Fungi,Ascomycota,Sordariomycetes,Togniniales,Togniniaceae,Phaeoacremonium,Phaeoacremonium_croatiense",2
"Scedosporium_boydii","Fungi,Ascomycota,Eurotiomycetes,Eurotiales,Trichocomaceae,Talaromyces,Talaromyces_coalescens",3
"Scedosporium_boydii","Fungi,Ascomycota,Dothideomycetes,Pleosporales,Pleosporaceae,Curvularia,Curvularia_beasleyi",11
"Scedosporium_boydii","Fungi,Ascomycota,Sordariomycetes,Sordariales,Chaetomiaceae,Amesia,Amesia_dreyfussii",1
"Scedosporium_boydii","Fungi,Ascomycota,Leotiomycetes,Chaetomellales,Chaetomellaceae,Chaetomella,Chaetomella_zambiensis",4
"Scedosporium_boydii","Fungi,Ascomycota,Eurotiomycetes,Eurotiales,Trichocomaceae,Talaromyces,Talaromyces_mimosinus",1
"Scedosporium_boydii","Fungi,Ascomycota,Sordariomycetes,Sordariales,Chaetomiaceae,Chaetomidium,Chaetomidium_leptoderma",2
"Scedosporium_boydii","Fungi,Ascomycota,Sordariomycetes,Microascales,Microascaceae,Enterocarpus,Enterocarpus_grenotii",1
"Scedosporium_boydii","Fungi,Ascomycota,Dothideomycetes,Venturiales,Sympoventuriaceae,Verruconis,Verruconis_thailandica",2
"Scedosporium_boydii","Fungi,Ascomycota,Sordariomycetes,Microascales,Microascaceae,Pseudallescheria,Pseudallescheria_angusta",1
"Scedosporium_boydii","Fungi,Ascomycota,Dothideomycetes,Mycosphaerellales,Teratosphaeriaceae,Salinomyces,Salinomyces_thailandica",2
"Scedosporium_boydii","Fungi,Ascomycota,Eurotiomycetes,Eurotiales,Trichocomaceae,Talaromyces,Talaromyces_thailandensis",1
"Scedosporium_boydii","Fungi,Ascomycota,Sordariomycetes,Microascales,Microascaceae,Scopulariopsis,Scopulariopsis_cordiae",1
"Scedosporium_boydii","Fungi,Ascomycota,Lecanoromycetes,Ostropales,Stictidaceae,Cyanodermella,Cyanodermella_oleoligni",1
"Scedosporium_boydii","Fungi,Ascomycota,Sordariomycetes,Hypocreales,Stachybotryaceae,Stachybotrys,Stachybotrys_subsylvatica",1
"Scedosporium_boydii","Fungi,Ascomycota,Saccharomycetes,Saccharomycetales,Phaffomycetaceae,Phaffomyces,[Candida]_orba",1
"Sclerotinia_sclerotiorum","Fungi,Ascomycota,Dothideomycetes,Pleosporales,Pleosporaceae,Curvularia,Curvularia_beasleyi",262
"Sclerotinia_sclerotiorum","Fungi,Ascomycota,Leotiomycetes,Helotiales,Sclerotiniaceae,Botryotinia,Botryotinia_ranunculi",115
"Sclerotinia_sclerotiorum","Fungi,Ascomycota,Eurotiomycetes,Eurotiales,Aspergillaceae,Aspergillus,Aspergillus_insolitus",1
"Sclerotinia_sclerotiorum","Fungi,Basidiomycota,Agaricomycetes,Russulales,Lachnocladiaceae,Scytinostroma,Scytinostroma_alutum",3
"Sclerotinia_sclerotiorum","Fungi,Ascomycota,Dothideomycetes,Venturiales,Sympoventuriaceae,Verruconis,Verruconis_thailandica",1
"Sclerotinia_sclerotiorum","Fungi,Ascomycota,Saccharomycetes,Saccharomycetales,Debaryomycetaceae,Candida,Candida_africana",1
"Sclerotinia_sclerotiorum","Fungi,Basidiomycota,Agaricomycetes,Russulales,Russulaceae,Lactarius,Lactarius_horakii",1
"Sclerotinia_sclerotiorum","Fungi,Ascomycota,Eurotiomycetes,Eurotiales,Trichocomaceae,Talaromyces,Talaromyces_coalescens",2
"Sporisorium_scitamineum","Fungi,Basidiomycota,Ustilaginomycetes,Ustilaginales,Ustilaginaceae,Pseudozyma,Pseudozyma_pruni",295
"Sporisorium_scitamineum","Fungi,Basidiomycota,Ustilaginomycetes,Ustilaginales,Ustilaginaceae,Sporisorium,Sporisorium_graminicola",26
"Sporisorium_scitamineum","Fungi,Mucoromycota,Mortierellomycetes,Mortierellales,Mortierellaceae,Entomortierella,Entomortierella_sugadairana",1
"Sporisorium_scitamineum","Fungi,Basidiomycota,Tremellomycetes,Filobasidiales,Filobasidiaceae,Heterocephalacria,Heterocephalacria_gelida",1
"Sporisorium_scitamineum","Fungi,Basidiomycota,Pucciniomycetes,Pucciniales,Milesinaceae,Milesina,Milesina_woodwardiana",2
"Sporisorium_scitamineum","Fungi,Basidiomycota,Ustilaginomycetes,Ustilaginales,Ustilaginaceae,Kalmanozyma,Kalmanozyma_fusiformata",2
"Sporisorium_scitamineum","Fungi,Basidiomycota,Ustilaginomycetes,Ustilaginales,Ustilaginaceae,Pseudozyma,Pseudozyma_prolifica",1
"Sporisorium_scitamineum","Fungi,Basidiomycota,Agaricomycetes,Geastrales,Geastraceae,Geastrum,Geastrum_caatingense",2
"Sporisorium_scitamineum","Fungi,Ascomycota,Sordariomycetes,Hypocreales,Nectriaceae,Fusarium,Fusarium_circinatum",1
"Sporisorium_scitamineum","Fungi,Basidiomycota,Ustilaginomycetes,Ustilaginales,Ustilaginaceae,Kalmanozyma,Kalmanozyma_brasiliensis",2
"Sporisorium_scitamineum","Fungi,Basidiomycota,Tremellomycetes,Tremellales,Cryptococcaceae,Teunia,Teunia_globosa",1
"Sporisorium_scitamineum","Fungi,Ascomycota,Sordariomycetes,Sordariales,Chaetomiaceae,Chaetomium,Chaetomium_meridionalense",1
"Sporisorium_scitamineum","Fungi,Basidiomycota,Agaricomycetes,Geastrales,Geastraceae,Geastrum,Geastrum_lanuginosum",1
"Sporisorium_scitamineum","Fungi,Basidiomycota,Agaricomycetes,Cantharellales,Hydnaceae,Clavulina,Clavulina_monodiminutiva",1
"Sporisorium_scitamineum","Fungi,Ascomycota,Sordariomycetes,Hypocreales,NA,Pseudoacremonium,Pseudoacremonium_sacchari",1
"Trichomonascus_ciferrii","Fungi,Ascomycota,Saccharomycetes,Saccharomycetales,Debaryomycetaceae,Suhomyces,Suhomyces_vadensis",3
"Trichomonascus_ciferrii","Fungi,Ascomycota,Eurotiomycetes,Eurotiales,Trichocomaceae,Talaromyces,Talaromyces_coalescens",255
"Trichomonascus_ciferrii","Fungi,Ascomycota,Eurotiomycetes,Eurotiales,Aspergillaceae,Aspergillus,Aspergillus_insolitus",24
"Trichomonascus_ciferrii","Fungi,Ascomycota,Pezizomycetes,Pezizales,Morchellaceae,Morchella,Morchella_australiana",15
"Trichomonascus_ciferrii","Fungi,Ascomycota,Saccharomycetes,Saccharomycetales,Trichomonascaceae,Blastobotrys,Blastobotrys_persicus",41
"Trichomonascus_ciferrii","Fungi,Ascomycota,Dothideomycetes,Pleosporales,Phaeosphaeriaceae,Paraphoma,Paraphoma_variabilis",7
"Trichomonascus_ciferrii","Fungi,Ascomycota,Leotiomycetes,Helotiales,Cenangiaceae,Cenangiopsis,Cenangiopsis_livida",15
"Trichomonascus_ciferrii","Fungi,Ascomycota,Saccharomycetes,Saccharomycetales,Metschnikowiaceae,NA,[Candida]_pseudoflosculorum",5
"Trichomonascus_ciferrii","Fungi,Ascomycota,Saccharomycetes,Saccharomycetales,Trichomonascaceae,Trichomonascus,[Candida]_mucifera",1
"Trichomonascus_ciferrii","Fungi,Ascomycota,Saccharomycetes,Saccharomycetales,Debaryomycetaceae,Teunomyces,Teunomyces_kruisii",1
"Trichomonascus_ciferrii","Fungi,Ascomycota,Saccharomycetes,Saccharomycetales,Metschnikowiaceae,NA,[Candida]_pseudointermedia",5
"Trichomonascus_ciferrii","Fungi,Ascomycota,Eurotiomycetes,Chaetothyriales,Herpotrichiellaceae,Exophiala,Exophiala_salmonis",1
"Trichomonascus_ciferrii","Fungi,Basidiomycota,Agaricomycetes,Russulales,Peniophoraceae,Peniophora,Peniophora_molesta",1
"Trichosporon_asahii","Fungi,Basidiomycota,Tremellomycetes,Trichosporonales,Trichosporonaceae,Trichosporon,Trichosporon_asahii",213
"Trichosporon_asahii","Fungi,Basidiomycota,Pucciniomycetes,Pucciniales,Milesinaceae,Milesina,Milesina_woodwardiana",6
"Trichosporon_asahii","Fungi,Basidiomycota,Agaricomycetes,Geastrales,Geastraceae,Geastrum,Geastrum_caatingense",97
"Trichosporon_asahii","Fungi,Basidiomycota,Tremellomycetes,Trichosporonales,Trichosporonaceae,Trichosporon,Trichosporon_insectorum",3
"Trichosporon_asahii","Fungi,Basidiomycota,Agaricomycetes,Gomphales,Gomphaceae,Lentaria,Lentaria_variabilis",30
"Trichosporon_asahii","Fungi,Chytridiomycota,Neocallimastigomycetes,Neocallimastigales,Neocallimastigaceae,Feramyces,Feramyces_austinii",10
"Trichosporon_asahii","Fungi,Chytridiomycota,Chytridiomycetes,Gromochytriales,Gromochytriaceae,Gromochytrium,Gromochytrium_mamkaevae",1
"Trichosporon_asahii","Fungi,Basidiomycota,Agaricomycetes,Cantharellales,Hydnaceae,Hydnum,Hydnum_reginae",1
"Trichosporon_asahii","Fungi,Basidiomycota,Agaricomycetes,Agaricales,Omphalotaceae,Gymnopus,Gymnopus_subdensilamellatus",7
"Trichosporon_asahii","Fungi,Basidiomycota,Agaricomycetes,Corticiales,Corticiaceae,Bryoclavula,Bryoclavula_phycophila",2
"Trichosporon_asahii","Fungi,Basidiomycota,Agaricomycetes,Gomphales,Gomphaceae,Clavariadelphus,Clavariadelphus_griseoglaucus",1
"Trichosporon_asahii","Fungi,Basidiomycota,Agaricomycetes,Cantharellales,Hydnaceae,Clavulina,Clavulina_cinereoglebosa",5
"Trichosporon_asahii","Fungi,Basidiomycota,Agaricomycetes,Russulales,Peniophoraceae,Peniophora,Peniophora_molesta",1
"Trichosporon_asahii","Fungi,Ascomycota,Saccharomycetes,Saccharomycetales,Saccharomycetaceae,Nakaseomyces,Nakaseomyces_glabratus",1
"Trichosporon_asahii","Fungi,Basidiomycota,Pucciniomycetes,Pucciniales,Pucciniaceae,Puccinia,Puccinia_wiehei",1
"Trichosporon_asahii","Fungi,Basidiomycota,Tremellomycetes,Trichosporonales,Trichosporonaceae,Trichosporon,Trichosporon_faecale",1
"Trichosporon_asahii","Fungi,Basidiomycota,Tremellomycetes,Trichosporonales,Trichosporonaceae,Trichosporon,Trichosporon_aquatile",1
"Tuber_brumale","Fungi,Ascomycota,Saccharomycetes,Saccharomycetales,Metschnikowiaceae,NA,[Candida]_pseudointermedia",111
"Tuber_brumale","Fungi,Ascomycota,Saccharomycetes,Saccharomycetales,Metschnikowiaceae,NA,[Candida]_pseudoflosculorum",94
"Tuber_brumale","Fungi,Ascomycota,Sordariomycetes,Hypocreales,Stachybotryaceae,Memnoniella,Memnoniella_putrefolia",1
"Tuber_brumale","Fungi,Ascomycota,Pezizomycetes,Pezizales,Tuberaceae,Tuber,Tuber_brumale_var._gorii",40
"Tuber_brumale","Fungi,Ascomycota,Sordariomycetes,Hypocreales,Stachybotryaceae,Stachybotrys,Stachybotrys_limonispora",2
"Tuber_brumale","Fungi,Ascomycota,Saccharomycetes,Saccharomycetales,Debaryomycetaceae,Suhomyces,Suhomyces_vadensis",16
"Tuber_brumale","Fungi,Ascomycota,Saccharomycetes,Saccharomycetales,Phaffomycetaceae,Phaffomyces,[Candida]_orba",1
"Tuber_brumale","Fungi,Ascomycota,Eurotiomycetes,Eurotiales,Aspergillaceae,Aspergillus,Aspergillus_insolitus",10
"Tuber_brumale","Fungi,Ascomycota,Eurotiomycetes,Eurotiales,Trichocomaceae,Talaromyces,Talaromyces_coalescens",6
"Tuber_brumale","Fungi,Ascomycota,NA,Thelocarpales,Thelocarpaceae,Carneothele,Carneothele_sphagnicola",4
"Tuber_brumale","Fungi,Ascomycota,Sordariomycetes,Diaporthales,Gnomoniaceae,Gnomoniopsis,Gnomoniopsis_paraclavulata",1
"Tuber_brumale","Fungi,Ascomycota,Saccharomycetes,Saccharomycetales,Dipodascaceae,Yarrowia,Yarrowia_yakushimensis",2
"Tuber_brumale","Fungi,Ascomycota,Lecanoromycetes,Lecanorales,Lecanoraceae,Lecanora,Lecanora_lendemeri",1
"Tuber_brumale","Fungi,Ascomycota,Sordariomycetes,Hypocreales,Ophiocordycipitaceae,Hyaloseta,Hyaloseta_nolinae",1
"Tuber_brumale","Fungi,Ascomycota,Sordariomycetes,Hypocreales,Nectriaceae,Paracremonium,Paracremonium_contagium",2
"Tuber_brumale","Fungi,Ascomycota,Dothideomycetes,Venturiales,Sympoventuriaceae,Verruconis,Verruconis_thailandica",1
"Tuber_brumale","Fungi,Ascomycota,Eurotiomycetes,Chaetothyriales,Herpotrichiellaceae,Exophiala,Exophiala_salmonis",1
"Tuber_brumale","Fungi,Ascomycota,Dothideomycetes,Pleosporales,Pleosporaceae,Bipolaris,Bipolaris_simmondsii",1
"Tuber_brumale","Fungi,Ascomycota,Eurotiomycetes,Chaetothyriales,Herpotrichiellaceae,Digitopodium,Digitopodium_tectonae",1
"Tuber_brumale","Fungi,Ascomycota,Eurotiomycetes,Eurotiales,Trichocomaceae,Rasamsonia,Rasamsonia_eburnea",2
"Tuber_brumale","Fungi,Mucoromycota,Glomeromycetes,Glomerales,Glomeraceae,Glomus,Glomus_macrocarpum",1
"Tuber_brumale","Fungi,Ascomycota,Leotiomycetes,Chaetomellales,Chaetomellaceae,Chaetomella,Chaetomella_zambiensis",1
"Tuber_brumale","Fungi,Ascomycota,Sordariomycetes,Hypocreales,Stachybotryaceae,Stachybotrys,Stachybotrys_subsylvatica",1
"Tuber_brumale","Fungi,Ascomycota,Eurotiomycetes,Eurotiales,Aspergillaceae,Penicillium,Penicillium_fortuitum",1
"Tuber_brumale","Fungi,Ascomycota,Sordariomycetes,Hypocreales,NA,Pseudoacremonium,Pseudoacremonium_sacchari",1
"Wickerhamomyces_anomalus","Fungi,Ascomycota,Saccharomycetes,Saccharomycetales,Metschnikowiaceae,NA,[Candida]_pseudoflosculorum",142
"Wickerhamomyces_anomalus","Fungi,Ascomycota,Saccharomycetes,Saccharomycetales,Metschnikowiaceae,NA,[Candida]_pseudointermedia",149
"Wickerhamomyces_anomalus","Fungi,Ascomycota,Sordariomycetes,Hypocreales,Stachybotryaceae,Memnoniella,Memnoniella_putrefolia",3
"Wickerhamomyces_anomalus","Fungi,Ascomycota,Saccharomycetes,Saccharomycetales,Phaffomycetaceae,Wickerhamomyces,[Pichia]_myanmarensis",4
"Wickerhamomyces_anomalus","Fungi,Ascomycota,Lecanoromycetes,Lecanorales,Lecanoraceae,Lecanora,Lecanora_lendemeri",2
"Wickerhamomyces_anomalus","Fungi,Ascomycota,Sordariomycetes,Hypocreales,Ophiocordycipitaceae,Hyaloseta,Hyaloseta_nolinae",5
"Wickerhamomyces_anomalus","Fungi,Ascomycota,Saccharomycetes,Saccharomycetales,Phaffomycetaceae,Wickerhamomyces,Wickerhamomyces_anomalus",43
"Wickerhamomyces_anomalus","Fungi,Ascomycota,Saccharomycetes,Saccharomycetales,Debaryomycetaceae,Suhomyces,Suhomyces_vadensis",5
"Wickerhamomyces_anomalus","Fungi,Ascomycota,Saccharomycetes,Saccharomycetales,Metschnikowiaceae,Metschnikowia,Metschnikowia_vanudenii",3
"Wickerhamomyces_anomalus","Fungi,Ascomycota,Sordariomycetes,Hypocreales,NA,Pseudoacremonium,Pseudoacremonium_sacchari",2
"Wickerhamomyces_anomalus","Fungi,Ascomycota,Saccharomycetes,Saccharomycetales,Dipodascaceae,Yarrowia,Yarrowia_yakushimensis",2
"Wickerhamomyces_anomalus","Fungi,Ascomycota,Dothideomycetes,Pleosporales,Pleosporaceae,Curvularia,Curvularia_beasleyi",1
"Wickerhamomyces_anomalus","Fungi,Ascomycota,Sordariomycetes,Hypocreales,Stachybotryaceae,Stachybotrys,Stachybotrys_limonispora",4
"Wickerhamomyces_anomalus","Fungi,Ascomycota,Sordariomycetes,Hypocreales,Stachybotryaceae,Stachybotrys,Stachybotrys_subsylvatica",2
"Wickerhamomyces_anomalus","Fungi,Ascomycota,Lecanoromycetes,Pertusariales,Megasporaceae,Lobothallia,Lobothallia_brachyloba",1
"Wickerhamomyces_anomalus","Fungi,Ascomycota,Eurotiomycetes,Eurotiales,Trichocomaceae,Rasamsonia,Rasamsonia_cylindrospora",1
"Wickerhamomyces_anomalus","Fungi,Basidiomycota,Agaricomycetes,Russulales,Russulaceae,Lactarius,Lactarius_horakii",1
"Wickerhamomyces_anomalus","Fungi,Ascomycota,Saccharomycetes,Saccharomycetales,Debaryomycetaceae,Candida,Candida_orthopsilosis",1
"Wickerhamomyces_anomalus","Fungi,Ascomycota,Eurotiomycetes,Eurotiales,Trichocomaceae,Rasamsonia,Rasamsonia_piperina",1
"Wickerhamomyces_anomalus","Fungi,Ascomycota,Saccharomycetes,Saccharomycetales,Phaffomycetaceae,Wickerhamomyces,Wickerhamomyces_silvicola",1
"Yamadazyma_mexicana","Fungi,Ascomycota,Sordariomycetes,Xylariales,Sporocadaceae,Bartalinia,Bartalinia_robillardoides",37
"Yamadazyma_mexicana","Fungi,Ascomycota,Saccharomycetes,Saccharomycetales,Debaryomycetaceae,Yamadazyma,Yamadazyma_mexicana",334
"Yamadazyma_mexicana","Fungi,Ascomycota,Saccharomycetes,Saccharomycetales,Debaryomycetaceae,Yamadazyma,[Candida]_trypodendri",7
"Yamadazyma_mexicana","Fungi,Ascomycota,Dothideomycetes,Mycosphaerellales,Dissoconiaceae,Dissoconium,Dissoconium_proteae",8
"Yamadazyma_mexicana","Fungi,Ascomycota,Dothideomycetes,Pleosporales,Pleosporaceae,Bipolaris,Bipolaris_simmondsii",1
"Yamadazyma_mexicana","Fungi,Ascomycota,Saccharomycetes,Saccharomycetales,NA,Starmerella,Starmerella_vitae",1
"Yamadazyma_mexicana","Fungi,Basidiomycota,Pucciniomycetes,Pucciniales,Pucciniaceae,Puccinia,Puccinia_setariae",1
"Yamadazyma_mexicana","Fungi,Ascomycota,Sordariomycetes,Pleurotheciales,Pleurotheciaceae,Phaeoisaria,Phaeoisaria_loranthacearum",2
"Yamadazyma_scolyti","Fungi,Ascomycota,Saccharomycetes,Saccharomycetales,Debaryomycetaceae,Yamadazyma,Yamadazyma_scolyti",267
"Yamadazyma_scolyti","Fungi,Ascomycota,Sordariomycetes,Xylariales,Sporocadaceae,Bartalinia,Bartalinia_robillardoides",105
"Yamadazyma_scolyti","Fungi,Ascomycota,Dothideomycetes,Mycosphaerellales,Dissoconiaceae,Dissoconium,Dissoconium_proteae",8
"Yamadazyma_scolyti","Fungi,Ascomycota,Sordariomycetes,Pleurotheciales,Pleurotheciaceae,Phaeoisaria,Phaeoisaria_loranthacearum",4
"Yamadazyma_scolyti","Fungi,Ascomycota,Dothideomycetes,Venturiales,Sympoventuriaceae,Verruconis,Verruconis_thailandica",1
"Yamadazyma_scolyti","Fungi,Ascomycota,Saccharomycetes,Saccharomycetales,Debaryomycetaceae,Yamadazyma,[Candida]_trypodendri",3
"Yamadazyma_scolyti","Fungi,Ascomycota,Dothideomycetes,Trypetheliales,Trypetheliaceae,Astrothelium,Astrothelium_chulumanense",1
"Yamadazyma_scolyti","Fungi,Ascomycota,Saccharomycetes,Saccharomycetales,Debaryomycetaceae,Yamadazyma,[Candida]_vrieseae",2
"Yamadazyma_scolyti","Fungi,Basidiomycota,Tremellomycetes,Tremellales,Tremellaceae,Tremella,Tremella_flava",1
"Yamadazyma_scolyti","Fungi,Ascomycota,Dothideomycetes,Mycosphaerellales,Mycosphaerellaceae,Pseudocercospora,Pseudocercospora_sennae-multijugae",2
"Yamadazyma_scolyti","Fungi,Ascomycota,Lecanoromycetes,Pertusariales,Megasporaceae,Lobothallia,Lobothallia_brachyloba",1
"Yarrowia_lipolytica","Fungi,Ascomycota,Saccharomycetes,Saccharomycetales,Dipodascaceae,Yarrowia,Yarrowia_lipolytica",329
"Yarrowia_lipolytica","Fungi,Basidiomycota,Tremellomycetes,Trichosporonales,Trichosporonaceae,Trichosporon,Trichosporon_asahii",1
"Yarrowia_lipolytica","Fungi,Ascomycota,Saccharomycetes,Saccharomycetales,Metschnikowiaceae,NA,[Candida]_pseudointermedia",25
"Yarrowia_lipolytica","Fungi,Ascomycota,Saccharomycetes,Saccharomycetales,Metschnikowiaceae,NA,[Candida]_pseudoflosculorum",14
"Yarrowia_lipolytica","Fungi,Ascomycota,Saccharomycetes,Saccharomycetales,Debaryomycetaceae,Suhomyces,Suhomyces_vadensis",12
"Yarrowia_lipolytica","Fungi,Ascomycota,Lecanoromycetes,Lecanorales,Lecanoraceae,Lecanora,Lecanora_lendemeri",1
"Yarrowia_lipolytica","Fungi,Ascomycota,Saccharomycetes,Saccharomycetales,Pichiaceae,Martiniozyma,Martiniozyma_abietophila",1
"Yarrowia_lipolytica","Fungi,Ascomycota,Saccharomycetes,Saccharomycetales,Dipodascaceae,Yarrowia,Yarrowia_yakushimensis",2
"Yarrowia_lipolytica","Fungi,Ascomycota,Eurotiomycetes,Chaetothyriales,Herpotrichiellaceae,Digitopodium,Digitopodium_tectonae",1
"Yarrowia_lipolytica","Fungi,Ascomycota,Saccharomycetes,Saccharomycetales,Saccharomycetaceae,Kluyveromyces,Kluyveromyces_starmeri",1
"Yarrowia_lipolytica","Fungi,Ascomycota,Eurotiomycetes,Eurotiales,Aspergillaceae,Aspergillus,Aspergillus_insolitus",1
"Yarrowia_lipolytica","Fungi,Ascomycota,Pezizomycetes,Pezizales,Morchellaceae,Morchella,Morchella_australiana",1
"Yarrowia_lipolytica","Fungi,Ascomycota,Sordariomycetes,Diaporthales,Gnomoniaceae,Gnomoniopsis,Gnomoniopsis_paraclavulata",1
"Zymoseptoria_tritici","Fungi,Ascomycota,Dothideomycetes,Mycosphaerellales,Mycosphaerellaceae,Zymoseptoria,Zymoseptoria_tritici",145
"Zymoseptoria_tritici","Fungi,Ascomycota,Dothideomycetes,Venturiales,Sympoventuriaceae,Verruconis,Verruconis_thailandica",166
"Zymoseptoria_tritici","Fungi,Ascomycota,Lecanoromycetes,Ostropales,Stictidaceae,Cyanodermella,Cyanodermella_oleoligni",45
"Zymoseptoria_tritici","Fungi,Ascomycota,Sordariomycetes,Sordariales,Chaetomiaceae,Dichotomopilus,Dichotomopilus_subfunicola",1
"Zymoseptoria_tritici","Fungi,Ascomycota,Sordariomycetes,Hypocreales,Nectriaceae,Paracremonium,Paracremonium_inflatum",1
"Zymoseptoria_tritici","Fungi,Ascomycota,Dothideomycetes,Mycosphaerellales,Mycosphaerellaceae,Pseudocercospora,Pseudocercospora_sennae-multijugae",13
"Zymoseptoria_tritici","Fungi,Ascomycota,Dothideomycetes,Pleosporales,Pleosporaceae,Curvularia,Curvularia_beasleyi",2
"Zymoseptoria_tritici","Fungi,Ascomycota,Dothideomycetes,Mycosphaerellales,Mycosphaerellaceae,Neokirramyces,Neokirramyces_syzygii",1
"Zymoseptoria_tritici","Fungi,Ascomycota,Dothideomycetes,Mycosphaerellales,Mycosphaerellaceae,Ramularia,Ramularia_stellenboschensis",2
"Zymoseptoria_tritici","Fungi,Ascomycota,Dothideomycetes,Pleosporales,Phaeosphaeriaceae,Xenophoma,Xenophoma_microspora",1
"Zymoseptoria_tritici","Fungi,Ascomycota,Dothideomycetes,Mycosphaerellales,Mycosphaerellaceae,Virosphaerella,Virosphaerella_irregularis",1
"Zymoseptoria_tritici","Fungi,Ascomycota,Saccharomycetes,Saccharomycetales,Debaryomycetaceae,Suhomyces,Suhomyces_vadensis",1
"Zymoseptoria_tritici","Fungi,Ascomycota,Sordariomycetes,Microascales,Microascaceae,Pseudallescheria,Pseudallescheria_ellipsoidea",1
"Zymoseptoria_tritici","Fungi,Ascomycota,Eurotiomycetes,Eurotiales,Trichocomaceae,Talaromyces,Talaromyces_coalescens",1
"Zymoseptoria_tritici","Fungi,Basidiomycota,Agaricomycetes,Gomphales,Gomphaceae,Lentaria,Lentaria_variabilis",1
"Zymoseptoria_tritici","Fungi,Ascomycota,Dothideomycetes,Myriangiales,Elsinoaceae,Elsinoe,Elsinoe_eucalypticola",1
